ticker,date,score1,score2,score3,score4,score5,score6,score7,score8,score9
AAPL,2014-06-28,1,1,0,1,0,0,0,1,0
AAPL,2014-09-27,1,1,0,1,0,0,0,1,0
AAPL,2014-12-27,1,1,1,1,0,0,0,1,0
AAPL,2015-03-28,1,1,1,1,0,0,0,1,1
AAPL,2015-06-27,1,1,1,1,0,0,1,1,1
AAPL,2015-09-26,1,1,1,1,0,1,1,1,1
AAPL,2015-12-26,1,1,1,1,0,0,1,1,1
AAPL,2016-03-26,1,1,0,1,0,1,1,1,0
AAPL,2016-06-25,1,1,0,1,0,1,1,0,0
AAPL,2016-09-24,1,1,0,1,0,1,1,0,0
AAPL,2016-12-31,1,1,0,1,0,1,1,0,0
AAPL,2017-04-01,1,1,0,1,0,1,1,0,0
AAPL,2017-07-01,1,1,0,1,0,1,1,0,0
AAPL,2017-09-30,1,1,0,1,0,0,1,0,0
AAPL,2017-12-30,1,1,0,1,0,1,1,0,0
AAPL,2018-03-31,1,1,1,1,0,1,1,0,1
AAPL,2018-06-30,1,1,1,1,1,0,1,0,1
AAPL,2018-09-29,1,1,1,1,1,0,1,0,0
AAPL,2018-12-29,1,1,0,1,1,1,1,0,0
AAPL,2019-03-30,1,1,0,1,1,0,1,0,0
AAPL,2019-06-29,1,1,0,1,1,1,1,0,1
AAPL,2019-09-28,1,1,0,1,0,1,1,0,1
AAPL,2019-12-28,1,1,1,1,0,1,1,0,1
AAPL,2020-03-28,1,1,1,1,0,1,1,1,1
ADBE,2013-05-31,1,1,0,1,1,1,0,0,0
ADBE,2013-08-30,1,1,0,1,1,0,0,0,0
ADBE,2013-11-29,1,1,0,1,1,0,0,0,0
ADBE,2014-02-28,1,1,0,1,1,0,1,0,0
ADBE,2014-05-30,1,1,0,1,1,0,1,0,0
ADBE,2014-08-29,1,1,0,1,1,0,1,0,0
ADBE,2014-11-28,1,1,0,1,1,0,1,0,0
ADBE,2015-02-27,1,1,1,1,0,1,0,0,1
ADBE,2015-05-29,1,1,1,1,0,1,0,0,1
ADBE,2015-08-28,1,1,1,1,0,1,0,0,1
ADBE,2015-11-27,1,1,1,1,0,1,0,0,1
ADBE,2016-03-04,1,1,1,1,1,0,0,0,1
ADBE,2016-06-03,1,1,1,1,1,1,0,1,1
ADBE,2016-09-02,1,1,1,1,1,0,0,1,1
ADBE,2016-12-02,1,1,1,1,1,0,1,1,1
ADBE,2017-03-03,1,1,1,1,1,0,1,1,1
ADBE,2017-06-02,1,1,1,1,1,0,1,1,1
ADBE,2017-09-01,1,1,1,1,1,0,1,1,1
ADBE,2017-12-01,1,1,1,1,1,0,1,1,1
ADBE,2018-03-02,1,1,1,1,1,1,1,1,1
ADBE,2018-06-01,1,1,1,1,1,1,1,1,1
ADBE,2018-08-31,1,1,1,1,1,0,1,1,1
ADBE,2018-11-30,1,1,1,1,0,0,1,1,1
ADBE,2019-03-01,1,1,1,1,0,0,1,0,1
ADBE,2019-05-31,1,1,1,1,1,0,1,0,1
ADBE,2019-08-30,1,1,1,1,1,0,1,0,1
ADBE,2019-11-29,1,1,0,1,1,0,1,0,0
ADBE,2020-02-28,1,1,0,1,1,1,1,0,0
ADI,2014-08-02,1,1,0,1,1,0,0,1,0
ADI,2014-11-01,1,1,0,1,1,0,0,0,0
ADI,2015-01-31,1,1,0,1,1,0,1,0,1
ADI,2015-05-02,1,1,0,1,1,0,1,0,1
ADI,2015-08-01,1,1,0,1,1,1,1,0,0
ADI,2015-10-31,1,1,1,1,1,0,1,1,1
ADI,2016-01-30,1,1,0,1,0,1,1,1,1
ADI,2016-04-30,1,1,0,1,0,1,1,1,1
ADI,2016-07-30,1,1,1,1,0,1,1,1,1
ADI,2016-10-29,1,1,1,1,0,1,1,0,0
ADI,2017-01-28,1,1,1,1,0,1,1,1,0
ADI,2017-04-29,1,1,1,1,0,0,0,0,1
ADI,2017-07-29,1,1,0,1,0,0,0,0,1
ADI,2017-10-28,1,1,0,1,0,0,0,0,1
ADI,2018-02-03,1,1,0,1,1,0,0,0,1
ADI,2018-05-05,1,1,0,1,1,1,0,1,0
ADI,2018-08-04,1,1,0,1,1,0,0,1,0
ADI,2018-11-03,1,1,0,1,1,1,0,1,0
ADI,2019-02-02,1,1,0,1,1,1,1,1,0
ADI,2019-05-04,1,1,1,1,1,0,1,1,1
ADI,2019-08-03,1,1,1,1,1,0,1,1,1
ADI,2019-11-02,1,1,0,1,1,0,1,0,0
ADP,2012-03-31,1,1,0,1,1,1,1,0,0
ADP,2012-06-30,1,1,0,1,1,1,1,0,0
ADP,2012-09-30,1,1,1,1,1,0,1,1,1
ADP,2012-12-31,1,1,1,1,1,1,1,1,1
ADP,2013-03-31,1,1,1,1,1,1,1,0,1
ADP,2013-06-30,1,1,1,1,1,0,1,0,1
ADP,2013-09-30,1,1,0,1,1,0,1,0,0
ADP,2013-12-31,1,1,0,1,1,0,1,0,1
ADP,2014-03-31,1,1,0,1,1,0,1,0,1
ADP,2014-06-30,1,1,1,1,1,1,1,0,1
ADP,2014-09-30,1,1,1,1,1,1,1,0,1
ADP,2014-12-31,1,1,0,1,1,1,1,0,0
ADP,2015-03-31,1,1,1,1,1,0,1,1,1
ADP,2015-06-30,1,1,0,1,1,0,1,1,0
ADP,2015-09-30,1,1,0,1,0,1,1,1,0
ADP,2015-12-31,1,1,0,1,0,1,1,1,0
ADP,2016-03-31,1,1,1,1,0,1,1,1,0
ADP,2016-06-30,1,1,0,1,0,1,1,1,1
ADP,2016-09-30,1,1,0,1,1,0,1,1,0
ADP,2016-12-31,1,1,1,1,1,0,1,1,1
ADP,2017-03-31,1,1,0,1,1,1,1,1,0
ADP,2017-06-30,1,1,0,1,0,0,1,0,0
ADP,2017-09-30,1,1,1,1,0,0,1,0,1
ADP,2017-12-31,1,1,1,1,0,0,1,0,1
ADP,2018-03-31,1,1,1,1,0,0,1,0,1
ADP,2018-06-30,1,1,1,1,0,0,1,0,1
ADP,2018-09-30,1,1,0,1,1,0,1,1,1
ADP,2018-12-31,1,1,0,1,1,0,1,1,0
ADP,2019-03-31,1,1,1,1,1,0,1,1,1
ADP,2019-06-30,1,1,1,1,1,0,1,1,1
ADP,2019-09-30,1,1,1,1,1,0,1,1,1
ADP,2019-12-31,1,1,1,1,1,0,1,1,1
ADP,2020-03-31,1,1,1,1,1,0,1,1,0
ADSK,2014-01-31,1,1,0,1,1,1,1,0,0
ADSK,2014-04-30,1,1,0,1,1,0,0,0,0
ADSK,2014-07-31,1,1,0,1,1,0,0,0,0
ADSK,2014-10-31,1,1,0,1,1,0,0,0,0
ADSK,2015-01-31,1,1,0,1,1,0,0,0,1
ADSK,2015-04-30,1,1,0,1,1,0,0,0,1
ADSK,2015-07-31,0,1,0,1,0,1,0,0,0
ADSK,2015-10-31,0,1,0,1,0,1,1,0,0
ADSK,2016-01-31,0,1,0,1,0,0,1,0,0
ADSK,2016-04-30,0,1,0,1,0,0,1,0,0
ADSK,2016-07-31,0,1,0,1,1,0,1,0,0
ADSK,2016-10-31,0,1,0,1,1,0,1,0,0
ADSK,2017-01-31,0,1,0,1,1,0,1,0,0
ADSK,2017-04-30,0,1,1,1,1,0,1,0,0
ADSK,2017-07-31,0,0,0,1,0,0,1,0,0
ADSK,2017-10-31,0,0,0,1,0,0,1,1,0
ADSK,2018-01-31,0,1,0,1,0,0,1,1,1
ADSK,2018-04-30,0,0,0,1,0,0,1,1,1
ADSK,2018-07-31,0,1,1,1,0,0,1,1,1
ADSK,2018-10-31,0,1,1,1,0,0,1,1,1
ADSK,2019-01-31,0,1,1,1,0,0,1,1,1
ADSK,2019-04-30,0,1,1,1,0,0,0,1,1
ADSK,2019-07-31,1,1,1,1,1,0,0,1,1
ADSK,2019-10-31,1,1,1,1,1,0,0,1,1
ADSK,2020-01-31,1,1,1,1,1,1,0,1,1
ALGN,2020-03-31,1,1,1,0,1,0,1,0,0
ALXN,2013-03-31,1,1,0,1,1,1,0,1,0
ALXN,2013-06-30,1,1,0,1,1,1,0,1,0
ALXN,2013-09-30,1,1,0,1,1,1,0,0,0
ALXN,2013-12-31,1,1,0,1,1,0,0,0,0
ALXN,2014-03-31,1,1,0,1,1,1,0,0,1
ALXN,2014-06-30,1,1,0,1,1,1,0,0,1
ALXN,2014-09-30,1,1,1,1,1,1,0,1,1
ALXN,2014-12-31,1,1,1,0,1,1,0,1,1
ALXN,2015-06-30,1,1,1,1,0,0,0,0,0
ALXN,2015-09-30,1,1,0,1,0,0,0,0,0
ALXN,2015-12-31,1,1,0,1,0,0,0,0,0
ALXN,2016-06-30,1,1,0,1,1,1,0,1,0
ALXN,2016-09-30,1,1,0,1,1,0,0,1,0
ALXN,2016-12-31,1,1,0,1,1,0,0,1,0
ALXN,2017-03-31,1,1,1,1,1,0,1,0,0
ALXN,2017-06-30,1,1,1,1,1,0,0,0,1
ALXN,2017-09-30,1,1,1,1,1,1,1,0,1
ALXN,2017-12-31,1,1,1,1,1,0,1,0,1
ALXN,2018-03-31,1,1,1,1,1,1,1,0,1
ALXN,2018-06-30,0,1,0,1,1,0,1,0,1
ALXN,2018-09-30,1,1,0,1,1,1,1,1,1
ALXN,2018-12-31,1,1,0,1,1,0,1,1,1
ALXN,2019-03-31,1,1,0,1,1,1,0,1,1
ALXN,2019-06-30,1,1,1,1,1,1,0,1,1
ALXN,2019-09-30,1,1,1,1,1,1,0,1,1
ALXN,2019-12-31,1,1,1,0,1,1,0,1,1
ALXN,2020-03-31,1,1,1,0,1,1,1,1,1
AMAT,2014-01-26,1,1,1,1,0,1,0,1,1
AMAT,2014-04-27,1,1,1,1,0,1,0,1,1
AMAT,2014-07-27,1,1,1,1,1,1,0,1,1
AMAT,2014-10-26,1,1,1,1,1,1,0,1,1
AMAT,2015-01-25,1,1,1,1,1,1,0,1,1
AMAT,2015-04-26,1,1,1,1,1,1,0,1,1
AMAT,2015-07-26,1,1,1,0,1,0,0,0,0
AMAT,2015-10-25,1,1,1,0,0,0,1,0,0
AMAT,2016-01-31,1,1,1,0,0,1,1,0,0
AMAT,2016-05-01,1,1,0,1,0,0,1,0,0
AMAT,2016-07-31,1,1,1,1,0,1,1,0,1
AMAT,2016-10-30,1,1,1,1,1,0,1,1,0
AMAT,2017-01-29,1,1,1,1,1,0,1,1,1
AMAT,2017-04-30,1,1,1,1,0,1,1,1,1
AMAT,2017-07-30,1,1,1,1,0,1,1,1,1
AMAT,2017-10-29,1,1,1,1,0,1,1,1,1
AMAT,2018-01-28,1,1,1,1,0,1,1,1,1
AMAT,2018-04-29,1,1,0,1,1,0,1,1,0
AMAT,2018-07-29,1,1,0,0,1,0,1,1,0
AMAT,2018-10-28,1,1,0,1,1,0,1,1,0
AMAT,2019-01-27,1,1,1,0,1,0,1,0,0
AMAT,2019-04-28,1,1,1,0,0,1,1,0,0
AMAT,2019-07-28,1,1,0,1,0,1,1,0,0
AMAT,2019-10-27,1,1,0,1,1,0,1,0,0
AMAT,2020-01-26,1,1,0,1,1,0,1,0,0
AMD,2011-07-02,1,0,0,0,0,1,0,0,1
AMD,2011-10-01,1,0,1,0,1,0,0,0,1
AMD,2011-12-31,1,1,1,0,1,0,0,0,1
AMD,2012-03-31,0,1,0,1,1,0,0,0,0
AMD,2012-06-30,0,1,0,1,1,0,0,0,0
AMD,2012-09-29,0,1,0,1,0,0,0,0,0
AMD,2012-12-29,0,0,0,1,0,0,0,0,0
AMD,2015-06-27,0,0,0,1,0,0,0,0,0
AMD,2015-09-26,0,0,0,1,0,0,0,0,0
AMD,2015-12-26,0,0,0,1,0,0,0,0,0
AMD,2016-03-26,0,0,0,1,0,0,0,0,0
AMD,2016-06-25,0,0,1,1,0,0,0,0,1
AMD,2016-09-24,0,0,1,1,1,1,0,0,1
AMD,2016-12-31,0,1,1,1,1,1,0,0,1
AMD,2017-04-01,0,0,1,1,1,1,0,0,1
AMD,2017-07-01,0,0,0,1,1,1,0,0,1
AMD,2017-09-30,0,0,1,0,1,0,0,1,1
AMD,2017-12-30,1,1,1,1,1,0,0,1,1
AMD,2018-03-31,1,1,1,1,1,0,0,1,1
AMD,2018-06-30,1,1,1,0,1,0,0,1,1
AMD,2018-09-29,1,1,1,0,1,1,0,1,1
AMD,2018-12-29,1,1,1,0,1,1,0,1,1
AMD,2019-03-30,1,0,1,0,1,1,0,1,0
AMD,2019-06-29,1,0,0,0,1,1,0,1,0
AMD,2019-09-28,1,1,0,0,1,1,0,1,0
AMD,2019-12-28,1,1,0,1,1,1,0,1,0
AMD,2020-03-28,1,1,1,1,1,1,0,1,0
AMGN,2014-09-30,1,1,0,1,1,0,0,0,1
AMGN,2014-12-31,1,1,0,1,1,1,0,0,0
AMGN,2015-03-31,1,1,0,1,1,1,0,0,0
AMGN,2015-06-30,1,1,0,1,1,1,0,0,0
AMGN,2015-09-30,1,1,1,1,1,1,0,1,0
AMGN,2015-12-31,1,1,1,1,1,0,1,1,1
AMGN,2016-03-31,1,1,1,1,0,0,1,1,1
AMGN,2016-06-30,1,1,1,1,1,0,1,1,1
AMGN,2016-09-30,1,1,1,1,1,0,1,1,1
AMGN,2016-12-31,1,1,1,1,1,0,1,1,1
AMGN,2017-03-31,1,1,1,1,1,0,1,1,0
AMGN,2017-06-30,1,1,1,1,0,1,1,1,0
AMGN,2017-09-30,1,1,0,1,0,1,1,1,0
AMGN,2017-12-31,1,1,0,1,0,1,1,1,0
AMGN,2018-03-31,1,1,0,1,0,0,1,1,0
AMGN,2018-06-30,1,1,0,1,1,0,1,1,0
AMGN,2018-09-30,1,1,0,1,1,0,1,1,0
AMGN,2018-12-31,1,1,1,1,1,0,1,1,1
AMGN,2019-03-31,1,1,1,1,0,0,1,0,1
AMGN,2019-06-30,1,1,1,1,0,0,1,0,1
AMGN,2019-09-30,1,1,1,1,0,0,1,0,1
AMGN,2019-12-31,1,1,1,1,0,0,1,0,1
AMGN,2020-03-31,1,1,1,1,0,0,1,0,1
AMZN,2013-12-31,1,1,1,1,1,0,0,1,0
AMZN,2014-03-31,1,1,1,1,1,0,0,1,0
AMZN,2014-06-30,1,1,1,1,1,0,0,1,0
AMZN,2014-09-30,0,1,0,1,1,0,0,1,0
AMZN,2014-12-31,0,1,0,1,0,1,0,1,0
AMZN,2015-03-31,0,1,0,1,0,1,0,1,0
AMZN,2015-06-30,0,1,0,1,0,1,0,1,0
AMZN,2015-09-30,1,1,1,1,0,1,0,1,0
AMZN,2015-12-31,1,1,1,1,1,0,0,1,0
AMZN,2016-03-31,1,1,1,1,1,0,0,1,0
AMZN,2016-06-30,1,1,1,1,1,0,0,1,0
AMZN,2016-09-30,1,1,1,1,1,0,0,1,0
AMZN,2016-12-31,1,1,1,1,1,0,0,1,1
AMZN,2017-03-31,1,1,1,1,1,0,0,1,1
AMZN,2017-06-30,1,1,0,1,1,0,0,1,1
AMZN,2017-09-30,1,1,0,1,0,0,0,1,0
AMZN,2017-12-31,1,1,1,1,0,0,0,1,1
AMZN,2018-03-31,1,1,1,1,0,1,0,1,1
AMZN,2018-06-30,1,1,1,1,0,1,0,1,1
AMZN,2018-09-30,1,1,1,1,1,1,0,1,0
AMZN,2018-12-31,1,1,1,1,1,1,0,1,0
AMZN,2019-03-31,1,1,1,1,1,1,0,1,0
AMZN,2019-06-30,1,1,1,1,1,1,0,1,0
AMZN,2019-09-30,1,1,1,1,1,1,0,1,0
AMZN,2019-12-31,1,1,0,1,1,0,0,1,0
AMZN,2020-03-31,1,1,0,1,1,0,0,0,0
ANSS,2011-06-30,1,1,0,1,1,1,0,1,0
ANSS,2011-09-30,1,1,0,1,1,0,0,1,0
ANSS,2011-12-31,1,1,0,1,1,0,0,1,0
ANSS,2012-03-31,1,1,0,1,1,0,0,0,0
ANSS,2012-06-30,1,1,0,1,1,0,0,0,1
ANSS,2020-03-31,1,1,0,1,0,1,0,0,0
ATVI,2014-09-30,1,1,0,1,0,0,1,1,0
ATVI,2014-12-31,1,1,0,1,1,0,1,0,0
ATVI,2015-03-31,1,1,1,1,1,1,0,0,1
ATVI,2015-06-30,1,1,1,1,1,1,0,0,1
ATVI,2015-09-30,1,1,1,1,1,1,0,0,1
ATVI,2015-12-31,1,1,1,1,1,0,0,0,1
ATVI,2016-03-31,1,1,0,1,0,0,0,0,1
ATVI,2016-06-30,1,1,0,1,0,0,0,0,1
ATVI,2016-09-30,1,1,0,1,0,0,0,0,1
ATVI,2016-12-31,1,1,1,1,0,1,0,0,1
ATVI,2017-03-31,1,1,1,1,1,1,0,0,1
ATVI,2017-06-30,1,1,1,1,1,1,0,0,1
ATVI,2017-09-30,1,1,0,1,1,1,0,0,0
ATVI,2017-12-31,1,1,0,1,1,0,0,0,0
ATVI,2018-03-31,1,1,0,1,1,1,0,0,1
ATVI,2018-06-30,1,1,0,1,1,1,0,0,1
ATVI,2018-09-30,1,1,0,1,1,0,0,0,1
ATVI,2018-12-31,1,1,1,0,1,1,0,0,0
ATVI,2019-03-31,1,1,1,0,1,1,0,0,0
ATVI,2019-06-30,1,1,1,1,1,1,0,0,0
ATVI,2019-09-30,1,1,1,1,0,1,0,0,1
ATVI,2019-12-31,1,1,0,1,1,1,0,0,0
ATVI,2020-03-31,1,1,0,0,1,1,0,1,0
AVGO,2011-07-31,1,1,1,1,1,1,0,1,1
AVGO,2011-10-30,1,1,1,1,1,1,0,1,1
AVGO,2012-01-29,1,1,0,1,1,1,0,1,0
AVGO,2012-04-29,1,1,0,1,1,1,1,0,0
AVGO,2012-07-29,1,1,0,1,1,1,1,0,0
AVGO,2012-10-28,1,1,0,1,1,1,1,0,0
AVGO,2013-02-03,1,1,0,1,1,1,0,0,0
AVGO,2013-05-05,1,1,0,1,1,1,0,0,0
AVGO,2013-08-04,1,1,0,1,1,0,0,0,0
AVGO,2014-02-02,1,1,0,1,1,0,0,0,0
AVGO,2014-08-03,1,1,0,1,0,0,0,0,1
AVGO,2015-02-01,1,1,0,1,0,0,0,0,1
AVGO,2015-08-02,1,1,1,1,1,0,0,1,0
AVGO,2015-11-01,1,1,1,1,1,0,0,1,0
AVGO,2016-01-31,1,1,0,1,1,0,0,1,0
AVGO,2016-05-01,0,1,0,1,0,0,0,0,0
AVGO,2016-07-31,0,1,0,1,0,0,0,0,1
AVGO,2016-10-30,0,1,0,1,0,0,0,0,1
AVGO,2017-01-29,0,1,0,1,1,0,0,0,1
AVGO,2017-04-30,0,1,1,1,1,1,0,1,0
AVGO,2017-07-30,1,1,1,1,1,1,0,1,0
AVGO,2017-10-29,1,1,1,1,1,1,0,1,0
AVGO,2018-02-04,1,1,1,0,0,1,0,1,0
AVGO,2018-05-06,1,1,1,0,0,1,0,0,0
AVGO,2018-08-05,1,1,1,0,0,0,0,0,0
AVGO,2018-11-04,1,1,1,0,1,0,0,0,0
AVGO,2019-02-03,1,1,1,1,0,0,1,0,0
AVGO,2019-05-05,1,1,0,1,0,0,1,1,1
AVGO,2019-08-04,1,1,0,1,0,0,1,1,1
AVGO,2019-11-03,1,1,0,1,0,0,1,1,1
AVGO,2020-02-02,1,1,0,1,1,1,1,1,1
BIIB,2013-12-31,1,1,1,1,1,0,1,0,1
BIIB,2014-03-31,1,1,1,1,1,0,1,0,1
BIIB,2014-06-30,1,1,1,1,1,1,1,0,1
BIIB,2014-09-30,1,1,1,1,1,1,1,0,1
BIIB,2014-12-31,1,1,1,1,1,1,1,1,1
BIIB,2015-03-31,1,1,1,1,1,1,1,1,1
BIIB,2015-06-30,1,1,1,1,1,1,1,1,1
BIIB,2015-09-30,1,1,1,1,0,1,1,1,0
BIIB,2015-12-31,1,1,1,1,0,1,1,1,0
BIIB,2016-03-31,1,1,0,1,0,0,1,1,0
BIIB,2016-06-30,1,1,0,1,0,1,1,0,0
BIIB,2016-09-30,1,1,0,1,1,0,1,0,0
BIIB,2016-12-31,1,1,0,1,1,0,1,0,0
BIIB,2017-03-31,1,1,0,1,1,0,1,0,0
BIIB,2017-06-30,1,1,0,1,1,0,1,0,0
BIIB,2017-09-30,1,1,0,1,1,0,1,0,0
BIIB,2017-12-31,1,1,0,1,1,0,1,0,0
BIIB,2018-03-31,1,1,0,1,1,1,1,1,1
BIIB,2018-06-30,1,1,0,1,1,1,1,0,1
BIIB,2018-09-30,1,1,0,1,1,1,1,0,1
BIIB,2018-12-31,1,1,1,1,1,0,1,0,1
BIIB,2019-03-31,1,1,1,1,1,0,1,0,0
BIIB,2019-06-30,1,1,1,1,1,1,1,0,0
BIIB,2019-09-30,1,1,1,1,1,0,1,0,0
BKNG,2011-06-30,1,1,0,1,0,0,0,1,0
BKNG,2011-09-30,1,1,1,1,0,0,0,1,0
BKNG,2011-12-31,1,1,1,1,0,0,0,1,0
BKNG,2012-03-31,1,1,1,1,1,1,0,1,0
BKNG,2012-06-30,1,1,1,1,1,1,0,1,0
BKNG,2012-09-30,1,1,1,1,1,1,0,1,0
BKNG,2012-12-31,1,1,0,1,1,1,0,1,0
BKNG,2013-03-31,1,1,0,1,1,1,0,1,0
BKNG,2013-06-30,1,1,0,1,1,1,0,1,0
BKNG,2013-09-30,1,1,0,1,1,1,0,1,0
BKNG,2013-12-31,1,1,0,1,1,1,0,1,0
BKNG,2014-03-31,1,1,0,1,1,1,0,1,0
BKNG,2014-06-30,1,1,0,1,1,1,0,1,0
BKNG,2014-09-30,1,1,0,1,0,1,0,1,0
BKNG,2014-12-31,1,1,0,1,0,0,0,1,0
BKNG,2015-03-31,1,1,0,1,0,0,1,1,0
BKNG,2015-06-30,1,1,0,1,0,0,1,1,0
BKNG,2015-09-30,1,1,0,1,0,0,1,1,0
BKNG,2015-12-31,1,1,0,1,0,0,1,1,0
BKNG,2016-03-31,1,1,0,1,1,0,1,1,0
BKNG,2016-06-30,1,1,0,1,0,1,1,1,0
BKNG,2016-09-30,1,1,0,1,0,0,1,1,1
BKNG,2016-12-31,1,1,0,1,1,0,1,1,0
BKNG,2017-03-31,1,1,0,1,1,0,1,1,1
BKNG,2017-06-30,1,1,0,1,1,0,1,1,1
BKNG,2017-09-30,1,1,1,1,0,1,1,1,0
BKNG,2017-12-31,1,1,0,1,0,1,1,1,1
BKNG,2018-03-31,1,1,0,1,1,0,1,1,0
BKNG,2018-06-30,1,1,0,1,1,0,1,1,1
BKNG,2018-09-30,1,1,0,1,1,0,1,1,0
BKNG,2018-12-31,1,1,1,1,1,0,1,1,0
BKNG,2019-03-31,1,1,1,1,1,0,1,1,0
BKNG,2019-06-30,1,1,1,1,0,0,1,1,0
BKNG,2019-09-30,1,1,1,1,1,0,1,1,1
BKNG,2019-12-31,1,1,1,0,1,0,1,1,1
BMRN,2011-06-30,1,1,1,0,1,1,0,1,0
BMRN,2011-09-30,0,1,0,1,1,0,0,0,0
BMRN,2011-12-31,0,1,0,1,1,0,0,1,0
BMRN,2012-03-31,0,1,0,1,1,0,0,1,0
BMRN,2012-06-30,0,1,0,1,1,0,0,1,0
BMRN,2012-09-30,0,1,0,1,1,0,0,1,1
BMRN,2012-12-31,0,1,0,1,1,0,0,0,1
BMRN,2013-03-31,0,0,0,1,1,1,0,0,1
BMRN,2013-06-30,0,0,1,1,1,0,0,0,0
BMRN,2013-09-30,0,0,0,1,1,0,0,0,0
BMRN,2013-12-31,0,0,0,1,0,1,0,1,0
BMRN,2014-03-31,0,0,0,1,0,1,0,1,0
BMRN,2014-06-30,0,0,0,1,0,1,0,1,1
BMRN,2014-09-30,0,0,1,1,0,1,0,1,1
BMRN,2014-12-31,0,0,1,1,1,0,0,1,0
BMRN,2015-03-31,0,0,1,0,1,0,0,0,0
BMRN,2015-06-30,0,0,1,1,1,0,0,0,0
BMRN,2015-09-30,0,0,0,1,1,0,0,0,0
BMRN,2015-12-31,0,0,0,0,1,0,0,1,1
BMRN,2016-03-31,0,0,1,0,1,0,0,0,0
BMRN,2016-06-30,0,0,0,1,1,0,0,0,0
BMRN,2016-09-30,0,0,0,1,1,1,0,0,0
BMRN,2016-12-31,0,0,0,1,1,1,0,0,0
BMRN,2017-03-31,0,0,0,1,1,1,0,0,1
BMRN,2017-06-30,0,0,1,1,1,1,0,0,1
BMRN,2017-09-30,0,0,1,1,0,1,0,0,1
BMRN,2017-12-31,0,0,1,1,0,0,0,1,1
BMRN,2018-03-31,0,1,1,1,0,0,0,0,1
BMRN,2018-06-30,0,0,1,1,0,0,0,0,0
BMRN,2018-09-30,0,0,1,1,1,0,0,0,0
BMRN,2018-12-31,0,1,1,1,1,1,0,0,0
BMRN,2019-03-31,0,1,1,1,1,1,0,0,0
BMRN,2019-06-30,0,1,1,1,0,1,0,0,0
BMRN,2019-09-30,0,1,1,1,0,1,0,1,1
BMRN,2020-03-31,1,1,1,0,1,0,0,0,0
CDNS,2016-01-02,1,1,1,1,0,1,0,0,0
CDNS,2016-04-02,1,1,1,1,0,1,0,0,0
CDNS,2016-07-02,1,1,1,1,0,0,0,0,1
CDNS,2016-10-01,1,1,1,1,0,0,0,0,1
CDNS,2016-12-31,1,1,1,1,0,0,1,0,1
CDNS,2017-04-01,1,1,0,1,0,0,1,0,1
CDNS,2017-07-01,1,1,0,1,0,0,1,0,1
CDNS,2017-09-30,1,1,1,1,0,1,1,0,1
CDNS,2017-12-30,1,1,1,1,0,1,1,0,1
CDNS,2018-03-31,1,1,1,1,1,0,0,0,1
CDNS,2018-06-30,1,1,0,1,1,0,0,0,1
CDNS,2018-09-29,1,1,0,1,1,0,0,0,1
CDNS,2018-12-29,1,1,1,1,1,0,0,0,0
CDNS,2019-03-30,1,1,1,1,1,1,1,0,0
CDNS,2019-06-29,1,1,1,1,1,1,1,0,1
CDNS,2019-09-28,1,1,1,1,1,1,1,0,1
CDNS,2019-12-28,1,1,1,0,1,1,1,1,1
CDNS,2020-03-28,1,1,1,0,1,0,0,1,1
CDW,2014-06-30,1,1,1,1,1,1,0,0,1
CDW,2014-09-30,1,1,1,1,1,1,0,0,1
CDW,2014-12-31,1,1,1,1,1,1,0,0,1
CDW,2015-03-31,1,1,1,1,1,1,0,0,1
CDW,2015-06-30,1,1,1,1,1,1,0,0,1
CDW,2015-09-30,1,1,1,1,1,0,0,1,1
CDW,2015-12-31,1,1,1,0,1,0,1,1,1
CDW,2016-03-31,1,1,1,1,1,0,1,1,1
CDW,2016-06-30,1,1,1,1,1,0,1,1,1
CDW,2016-09-30,1,1,1,1,1,0,1,1,0
CDW,2016-12-31,1,1,0,1,1,0,1,1,0
CDW,2017-03-31,1,1,0,1,1,0,1,1,0
CDW,2017-06-30,1,1,0,1,1,0,1,0,0
CDW,2017-09-30,1,1,1,1,0,0,1,0,1
CDW,2017-12-31,1,1,1,1,1,0,1,0,1
CDW,2018-03-31,1,1,1,1,1,0,1,0,1
CDW,2018-06-30,1,1,1,1,1,1,1,0,1
CDW,2018-09-30,1,1,1,1,1,1,1,1,1
CDW,2018-12-31,1,1,1,1,1,1,1,1,1
CDW,2019-03-31,1,1,1,1,1,0,1,1,1
CDW,2019-06-30,1,1,1,1,1,0,1,1,1
CDW,2019-09-30,1,1,1,1,1,0,1,1,1
CDW,2019-12-31,1,1,1,1,1,0,1,1,1
CDW,2020-03-31,1,1,1,1,1,0,1,1,1
CERN,2013-06-29,1,1,1,1,1,0,0,1,0
CERN,2013-09-28,1,1,0,1,1,0,0,1,0
CERN,2013-12-28,1,1,0,1,1,0,0,1,0
CERN,2014-03-29,1,1,0,1,1,1,0,1,0
CERN,2014-06-28,1,1,0,1,1,1,1,1,0
CERN,2014-09-27,1,1,0,1,1,1,1,1,1
CERN,2015-01-03,1,1,1,1,1,1,1,1,1
CERN,2015-04-04,1,1,1,1,0,0,1,1,1
CERN,2015-07-04,1,1,1,1,0,0,0,0,1
CERN,2015-10-03,1,1,1,1,0,0,0,0,1
CERN,2016-01-02,1,1,0,1,0,0,0,0,1
CERN,2016-04-02,1,1,0,1,1,0,1,1,0
CERN,2016-07-02,1,1,0,1,1,0,1,1,0
CERN,2016-10-01,1,1,0,1,1,1,1,1,0
CERN,2016-12-31,1,1,0,1,1,0,1,1,0
CERN,2017-04-01,1,1,1,1,1,0,1,1,1
CERN,2017-07-01,1,1,1,1,1,1,1,1,1
CERN,2017-09-30,1,1,0,1,1,1,1,1,1
CERN,2017-12-30,1,1,1,1,1,1,1,0,1
CERN,2018-03-31,1,1,1,1,1,1,0,0,1
CERN,2018-06-30,1,1,1,1,1,1,0,0,1
CERN,2018-09-29,1,1,1,1,1,0,1,0,0
CERN,2018-12-29,1,1,0,1,1,0,1,0,0
CERN,2019-03-30,1,1,0,1,1,0,1,0,0
CERN,2019-06-29,1,1,0,1,0,0,1,0,0
CERN,2019-09-28,1,1,0,1,0,0,1,0,0
CERN,2019-12-28,1,1,0,1,0,0,1,0,1
CERN,2020-03-31,1,1,0,1,0,0,1,0,0
CHTR,2011-06-30,0,1,0,1,0,1,1,0,0
CHTR,2011-12-31,0,1,0,1,0,0,1,0,1
CHTR,2012-06-30,0,1,0,1,0,0,1,0,1
CHTR,2012-12-31,0,1,1,1,1,0,1,1,0
CHTR,2013-06-30,0,1,1,1,1,0,0,1,0
CHTR,2013-09-30,0,1,1,1,0,0,0,1,1
CHTR,2013-12-31,0,1,1,1,0,0,0,0,1
CHTR,2014-03-31,0,1,1,1,0,0,0,0,1
CHTR,2014-06-30,0,1,1,1,0,0,0,0,1
CHTR,2014-09-30,0,1,1,1,0,0,0,0,1
CHTR,2014-12-31,0,1,1,1,0,1,0,0,1
CHTR,2015-03-31,0,1,0,1,1,1,0,0,0
CHTR,2015-06-30,0,1,0,1,1,1,0,0,0
CHTR,2015-09-30,0,1,0,1,0,0,0,0,0
CHTR,2015-12-31,0,1,0,1,0,0,0,0,0
CHTR,2016-03-31,0,1,0,1,0,0,0,0,0
CHTR,2016-06-30,1,1,1,1,0,0,0,0,1
CHTR,2016-09-30,1,1,1,1,1,1,0,0,1
CHTR,2016-12-31,1,1,1,1,1,1,0,0,1
CHTR,2017-03-31,1,1,1,1,1,0,0,0,1
CHTR,2017-06-30,1,1,0,1,1,1,0,0,0
CHTR,2017-09-30,1,1,0,1,1,1,0,0,0
CHTR,2017-12-31,1,1,0,1,1,0,0,0,0
CHTR,2018-03-31,1,1,0,1,1,0,1,0,0
CHTR,2018-06-30,1,1,1,1,0,0,1,0,1
CHTR,2018-09-30,1,1,1,1,0,0,1,0,1
CHTR,2018-12-31,1,1,0,1,0,0,1,0,1
CHTR,2019-03-31,1,1,0,1,0,1,1,0,1
CHTR,2019-06-30,1,1,0,1,0,1,1,0,1
CHTR,2019-09-30,1,1,0,1,0,1,1,0,1
CHTR,2019-12-31,1,1,1,1,0,1,1,0,1
CHTR,2020-03-31,1,1,1,1,0,1,1,0,1
CMCSA,2011-06-30,1,1,1,1,0,0,1,0,1
CMCSA,2011-09-30,1,1,1,1,0,0,1,0,1
CMCSA,2011-12-31,1,1,1,1,1,0,1,0,1
CMCSA,2012-03-31,1,1,0,1,1,1,1,0,1
CMCSA,2012-06-30,1,1,0,1,1,1,1,0,0
CMCSA,2012-09-30,1,1,1,1,1,1,1,0,0
CMCSA,2012-12-31,1,1,1,1,1,1,1,0,0
CMCSA,2013-03-31,1,1,1,1,0,1,1,0,1
CMCSA,2013-06-30,1,1,1,1,0,0,1,0,1
CMCSA,2013-09-30,1,1,1,1,0,0,1,0,0
CMCSA,2013-12-31,1,1,1,1,0,0,1,0,0
CMCSA,2014-03-31,1,1,1,1,0,1,1,0,1
CMCSA,2014-06-30,1,1,1,1,0,1,1,0,1
CMCSA,2014-09-30,1,1,1,1,0,1,1,0,1
CMCSA,2014-12-31,1,1,1,1,1,1,1,0,1
CMCSA,2015-03-31,1,1,1,1,1,0,1,0,1
CMCSA,2015-06-30,1,1,1,1,0,1,1,0,1
CMCSA,2015-09-30,1,1,0,1,1,0,1,0,1
CMCSA,2015-12-31,1,1,0,1,0,0,1,0,1
CMCSA,2016-03-31,1,1,0,1,0,1,1,0,1
CMCSA,2016-06-30,1,1,0,1,0,1,1,0,1
CMCSA,2016-09-30,1,1,1,1,0,1,1,0,1
CMCSA,2016-12-31,1,1,1,1,0,1,1,0,1
CMCSA,2017-03-31,1,1,1,1,0,1,0,0,1
CMCSA,2017-06-30,1,1,1,1,0,0,0,0,1
CMCSA,2017-09-30,1,1,1,1,1,0,0,0,0
CMCSA,2017-12-31,1,1,1,0,0,0,0,0,0
CMCSA,2018-03-31,1,1,1,0,0,1,1,0,0
CMCSA,2018-06-30,1,1,1,0,0,1,1,0,0
CMCSA,2018-09-30,1,1,1,0,0,1,1,0,1
CMCSA,2018-12-31,1,1,0,1,0,1,1,0,1
CMCSA,2019-03-31,1,1,0,1,0,0,1,0,1
CMCSA,2019-06-30,1,1,0,1,0,0,1,0,1
CMCSA,2019-09-30,1,1,0,1,0,0,1,0,1
COST,2011-08-28,1,1,0,1,1,0,1,0,0
COST,2011-11-20,1,1,0,1,1,0,0,0,0
COST,2012-02-12,1,1,0,1,1,0,1,0,0
COST,2012-05-06,1,1,0,1,0,1,1,0,0
COST,2012-09-02,1,1,1,1,0,0,1,0,0
COST,2012-11-25,1,1,1,1,1,0,1,0,1
COST,2013-02-17,1,1,1,1,0,1,0,1,1
COST,2013-05-12,1,1,1,1,0,0,0,1,1
COST,2013-09-01,1,1,1,1,0,1,0,1,1
COST,2013-11-24,1,1,1,1,0,1,0,1,1
COST,2014-02-16,1,1,0,1,1,1,0,1,0
COST,2014-05-11,1,1,0,1,1,1,0,1,0
COST,2014-08-31,1,1,0,1,1,1,0,1,0
COST,2014-11-23,1,1,0,1,1,1,0,1,0
COST,2015-02-15,1,1,1,1,1,0,0,1,0
COST,2015-05-10,1,1,1,1,1,0,0,1,0
COST,2015-08-30,1,1,1,1,1,0,0,1,0
COST,2015-11-22,1,1,1,1,1,0,1,1,0
COST,2016-02-14,1,1,0,1,0,1,1,1,0
COST,2016-05-08,1,1,0,1,1,0,1,1,0
COST,2016-08-28,1,1,0,1,1,0,1,1,1
COST,2016-11-20,1,1,0,1,1,0,1,1,1
COST,2017-02-12,1,1,1,1,1,0,1,1,1
COST,2017-05-07,1,1,1,1,1,0,1,1,1
COST,2017-09-03,1,1,1,1,0,1,1,0,1
COST,2017-11-26,1,1,1,1,0,1,1,0,1
COST,2018-02-18,1,1,1,1,0,1,1,0,1
COST,2018-05-13,1,1,1,1,0,1,1,0,1
COST,2018-09-02,1,1,1,1,1,1,0,0,1
COST,2018-11-25,1,1,1,1,1,1,0,0,1
COST,2019-02-17,1,1,1,1,1,0,0,0,0
COST,2019-05-12,1,1,1,1,1,0,0,0,0
COST,2019-09-01,1,1,1,1,1,0,0,0,0
COST,2019-11-24,1,1,1,1,1,0,0,0,0
COST,2020-02-16,1,1,0,1,1,1,0,0,0
CPRT,2011-07-31,1,1,0,1,0,0,1,1,0
CPRT,2012-01-31,1,1,1,1,0,0,1,1,1
CPRT,2012-04-30,1,1,1,1,0,0,0,1,1
CPRT,2012-07-31,1,1,1,1,0,1,0,0,1
CPRT,2012-10-31,1,1,1,1,1,0,0,0,1
CPRT,2013-01-31,1,1,1,1,1,0,0,1,1
CPRT,2013-04-30,1,1,1,1,1,0,1,0,1
CPRT,2013-07-31,1,1,0,1,1,0,0,0,0
CPRT,2013-10-31,1,1,0,1,1,0,0,0,1
CPRT,2014-01-31,1,1,0,1,1,0,0,1,0
CPRT,2014-04-30,1,1,0,1,1,0,1,1,0
CPRT,2014-07-31,1,1,0,1,1,1,1,0,0
CPRT,2014-10-31,1,1,0,1,1,1,1,0,0
CPRT,2015-01-31,1,1,0,1,0,1,0,0,0
CPRT,2015-04-30,1,1,1,0,0,1,0,0,0
CPRT,2015-07-31,1,1,1,1,0,1,0,1,0
CPRT,2015-10-31,1,1,1,1,0,1,0,1,0
CPRT,2016-01-31,1,1,0,1,1,0,1,1,0
CPRT,2016-04-30,1,1,0,1,0,0,1,1,0
CPRT,2016-07-31,1,1,1,1,1,0,1,1,0
CPRT,2016-10-31,1,1,1,0,0,0,1,1,0
CPRT,2017-01-31,1,1,1,1,0,0,1,1,1
CPRT,2017-04-30,1,1,1,1,1,1,0,1,1
CPRT,2017-07-31,1,1,1,1,1,1,0,1,1
CPRT,2017-10-31,1,1,0,1,1,1,0,1,1
CPRT,2018-01-31,1,1,0,1,1,0,0,1,1
CPRT,2018-04-30,1,1,0,1,1,0,0,0,1
CPRT,2018-07-31,1,1,0,1,1,1,0,0,1
CPRT,2018-10-31,1,1,1,1,1,1,0,0,1
CPRT,2019-01-31,1,1,1,1,1,0,0,0,0
CPRT,2019-04-30,1,1,1,1,1,0,1,0,0
CPRT,2019-07-31,1,1,1,1,1,0,1,0,0
CPRT,2019-10-31,1,1,1,1,1,0,1,0,1
CPRT,2020-01-31,1,1,1,1,1,1,1,1,1
CSCO,2011-07-30,1,1,0,1,0,1,1,0,0
CSCO,2011-10-29,1,1,0,1,0,1,1,0,0
CSCO,2012-01-28,1,1,0,1,0,1,1,0,0
CSCO,2012-04-28,1,1,0,1,1,1,1,0,0
CSCO,2012-07-28,1,1,1,1,1,1,1,0,0
CSCO,2012-10-27,1,1,1,1,1,1,1,1,0
CSCO,2013-01-26,1,1,1,1,1,1,1,0,0
CSCO,2013-04-27,1,1,1,1,1,0,1,0,0
CSCO,2013-07-27,1,1,1,1,1,0,1,0,1
CSCO,2013-10-26,1,1,1,1,1,0,0,0,0
CSCO,2014-01-25,1,1,0,1,1,0,0,0,0
CSCO,2014-04-26,1,1,0,1,0,1,1,0,0
CSCO,2014-07-26,1,1,0,1,0,1,1,0,0
CSCO,2014-10-25,1,1,0,1,0,1,1,0,0
CSCO,2015-01-24,1,1,1,1,0,1,1,1,0
CSCO,2015-04-25,1,1,1,1,1,0,1,1,0
CSCO,2015-07-25,1,1,1,1,1,0,1,1,1
CSCO,2015-10-24,1,1,1,1,0,1,1,1,1
CSCO,2016-01-23,1,1,1,1,0,0,1,1,0
CSCO,2016-04-30,1,1,1,1,0,1,1,1,0
CSCO,2016-07-30,1,1,1,1,0,0,1,1,0
CSCO,2016-10-29,1,1,1,1,0,1,1,1,0
CSCO,2017-01-28,1,1,0,1,0,1,1,1,0
CSCO,2017-04-29,1,1,0,1,0,1,1,1,0
CSCO,2017-07-29,1,1,0,1,1,0,1,1,0
CSCO,2017-10-28,1,1,0,1,1,0,1,0,0
CSCO,2018-01-27,0,1,0,1,1,0,1,0,0
CSCO,2018-04-28,0,1,0,1,1,0,1,0,0
CSCO,2018-07-28,1,1,0,1,1,0,1,0,0
CSGP,2012-06-30,1,1,0,1,0,0,0,1,0
CSGP,2012-09-30,1,1,0,1,0,0,0,1,0
CSGP,2012-12-31,1,1,0,1,0,0,0,1,0
CSGP,2013-03-31,1,1,0,1,0,0,0,1,0
CSGP,2013-06-30,1,1,1,1,1,1,0,1,0
CSGP,2013-09-30,1,1,1,1,1,1,0,1,0
CSGP,2013-12-31,1,1,1,1,1,1,0,1,0
CSGP,2014-03-31,1,1,1,1,1,1,0,1,0
CSGP,2014-06-30,1,1,1,1,0,1,0,1,1
CSGP,2014-09-30,1,1,1,1,0,1,0,1,1
CSGP,2014-12-31,1,1,1,1,0,1,0,1,1
CSGP,2015-03-31,1,1,0,1,0,1,0,1,1
CSGP,2015-06-30,1,1,0,1,1,0,0,1,0
CSGP,2015-09-30,0,1,0,1,1,0,0,0,0
CSGP,2015-12-31,0,1,0,1,1,0,0,1,0
CSGP,2016-03-31,1,1,0,1,1,0,0,1,0
CSGP,2016-06-30,1,1,1,1,1,1,0,1,1
CSGP,2016-09-30,1,1,1,1,1,1,0,1,1
CSGP,2016-12-31,1,1,1,1,1,1,0,1,1
CSGP,2017-03-31,1,1,1,1,1,1,0,1,1
CSGP,2017-06-30,1,1,1,1,1,1,0,1,1
CSGP,2017-09-30,1,1,1,1,1,1,0,0,1
CSGP,2018-03-31,1,1,1,1,1,1,0,0,1
CSGP,2018-06-30,1,1,1,1,1,1,0,0,1
CSGP,2018-09-30,1,1,1,1,1,1,0,0,1
CSGP,2019-12-31,1,1,1,1,0,0,0,1,1
CSX,2011-07-01,1,1,1,1,0,1,1,1,1
CSX,2011-09-30,1,1,1,1,0,1,1,1,1
CSX,2011-12-30,1,1,0,1,0,0,0,1,0
CSX,2012-03-30,1,1,0,1,0,0,0,0,0
CSX,2012-06-29,1,1,0,1,1,0,1,0,0
CSX,2012-09-28,1,1,0,1,1,0,1,0,0
CSX,2012-12-28,1,1,0,1,1,0,1,1,0
CSX,2013-03-29,1,1,0,1,1,1,1,1,0
CSX,2013-06-28,1,1,0,1,1,1,1,1,0
CSX,2013-09-27,1,1,0,1,0,1,1,1,0
CSX,2013-12-27,1,1,0,1,1,1,1,0,0
CSX,2014-03-28,1,1,0,1,1,0,1,0,0
CSX,2014-06-27,1,1,0,1,1,0,1,0,0
CSX,2014-09-26,1,1,0,1,0,1,1,0,1
CSX,2014-12-26,1,1,0,1,0,1,1,0,1
CSX,2015-03-27,1,1,1,1,0,1,1,1,1
CSX,2015-06-26,1,1,1,1,0,1,1,1,0
CSX,2015-09-25,1,1,1,1,0,1,1,1,0
CSX,2015-12-25,1,1,0,1,0,1,1,1,0
CSX,2016-03-25,1,1,0,1,0,1,1,1,0
CSX,2016-06-24,1,1,0,1,1,0,1,1,0
CSX,2016-09-23,1,1,0,1,1,0,1,1,0
CSX,2016-12-30,1,1,0,1,1,0,1,0,0
CSX,2017-03-31,1,1,0,1,0,0,1,0,0
CSX,2017-06-30,1,1,0,1,0,1,1,0,1
CSX,2017-09-30,1,1,1,1,0,1,1,0,1
CSX,2017-12-31,1,1,1,0,0,0,1,0,1
CSX,2018-03-31,1,1,1,0,0,1,1,0,0
CSX,2018-06-30,1,1,1,0,0,1,1,0,0
CSX,2018-09-30,1,1,1,0,0,1,1,0,1
CSX,2018-12-31,1,1,0,1,0,1,1,0,1
CSX,2019-03-31,1,1,0,1,0,0,1,0,1
CSX,2019-06-30,1,1,0,1,0,0,1,0,1
CSX,2019-09-30,1,1,0,1,0,0,1,0,0
CSX,2019-12-31,1,1,0,1,0,1,1,0,0
CSX,2020-03-31,1,1,0,1,0,0,1,0,0
CTAS,2012-08-31,1,1,1,1,0,1,1,0,0
CTAS,2012-11-30,1,1,1,1,0,1,1,0,0
CTAS,2013-02-28,1,1,0,1,0,1,1,0,0
CTAS,2013-05-31,1,1,1,1,0,1,1,0,1
CTAS,2013-08-31,1,1,1,1,1,0,1,0,1
CTAS,2013-11-30,1,1,1,1,1,0,1,0,1
CTAS,2014-02-28,1,1,1,1,1,0,1,0,1
CTAS,2014-05-31,1,1,1,1,1,0,1,1,1
CTAS,2014-08-31,1,1,1,1,1,1,1,0,0
CTAS,2014-11-30,1,1,1,1,1,0,1,0,0
CTAS,2015-02-28,1,1,1,1,1,0,1,0,0
CTAS,2015-05-31,1,1,1,1,1,0,1,1,0
CTAS,2015-08-31,1,1,0,1,1,0,1,1,0
CTAS,2015-11-30,1,1,1,0,1,0,1,1,0
CTAS,2016-02-29,1,1,1,0,1,0,1,1,1
CTAS,2016-05-31,1,1,1,0,1,0,1,1,1
CTAS,2016-08-31,1,1,1,0,0,1,1,1,1
CTAS,2016-11-30,1,1,0,0,0,1,1,1,1
CTAS,2017-02-28,1,1,0,1,1,0,1,0,1
CTAS,2017-05-31,1,1,0,1,0,0,1,1,1
CTAS,2017-08-31,1,1,0,1,0,0,0,1,1
CTAS,2017-11-30,1,1,1,1,0,0,0,1,1
CTAS,2018-02-28,1,1,1,1,0,1,0,1,1
CTAS,2018-05-31,1,1,1,1,1,1,0,1,0
CTAS,2018-08-31,1,1,0,1,1,1,0,0,0
CTAS,2018-11-30,1,1,1,0,1,1,0,0,0
CTAS,2019-02-28,1,1,0,1,1,1,1,0,0
CTAS,2019-05-31,1,1,1,1,1,0,1,1,1
CTAS,2019-08-31,1,1,1,1,1,0,1,1,1
CTAS,2019-11-30,1,1,0,1,1,0,1,1,1
CTAS,2020-02-29,1,1,1,1,1,1,1,0,0
CTSH,2015-12-31,1,1,0,1,1,1,0,1,0
CTSH,2016-03-31,1,1,0,1,1,1,1,1,0
CTSH,2016-06-30,1,0,0,0,1,1,1,1,0
CTSH,2016-09-30,1,0,0,0,1,1,1,0,0
CTSH,2016-12-31,1,0,0,0,1,1,1,0,0
CTSH,2017-03-31,1,0,0,0,1,0,1,0,0
CTSH,2017-06-30,1,1,1,1,1,0,1,0,1
CTSH,2017-09-30,1,1,1,1,1,0,1,0,1
CTSH,2017-12-31,1,1,1,1,1,0,1,0,1
CTSH,2018-03-31,1,1,1,1,1,1,1,1,1
CTSH,2018-06-30,1,1,1,1,1,0,1,0,1
CTSH,2018-09-30,1,1,1,1,1,0,1,1,1
CTSH,2018-12-31,1,1,0,1,1,0,1,1,0
CTSH,2019-03-31,1,1,0,1,0,0,1,1,0
CTSH,2019-06-30,1,1,0,1,0,0,1,0,0
CTSH,2019-09-30,1,1,0,1,0,0,1,0,0
CTSH,2019-12-31,1,1,0,1,1,0,1,0,0
CTSH,2020-03-31,1,1,0,1,0,1,1,0,0
CTXS,2015-06-30,1,1,0,1,1,0,1,1,0
CTXS,2015-09-30,1,1,0,1,1,1,1,1,1
CTXS,2015-12-31,1,1,1,1,1,0,1,1,0
CTXS,2016-03-31,1,1,1,1,1,1,1,1,1
CTXS,2016-06-30,1,1,1,1,1,1,1,0,1
CTXS,2017-03-31,1,1,1,1,1,1,1,1,0
CTXS,2017-06-30,1,1,1,1,1,1,1,1,0
CTXS,2018-03-31,1,1,0,1,0,1,1,1,0
CTXS,2018-06-30,1,1,0,1,1,0,1,1,0
CTXS,2018-09-30,1,1,0,1,1,0,1,1,1
CTXS,2018-12-31,1,1,1,1,1,0,1,1,1
CTXS,2019-03-31,1,1,1,1,1,0,1,1,1
CTXS,2019-06-30,1,1,1,1,1,1,1,1,1
CTXS,2019-09-30,1,1,1,1,1,0,1,0,1
DLTR,2012-01-28,1,1,1,1,1,0,1,1,0
DLTR,2012-07-28,1,1,1,1,1,0,0,0,1
DLTR,2012-10-27,1,1,1,1,1,0,0,1,1
DLTR,2013-02-02,1,1,1,1,1,1,0,1,1
DLTR,2013-08-03,1,1,1,1,1,1,1,1,1
DLTR,2013-11-02,1,1,0,1,0,0,1,1,1
DLTR,2014-02-01,1,1,0,1,0,0,1,0,0
DLTR,2014-05-03,1,1,0,1,0,0,1,0,0
DLTR,2014-08-02,1,1,0,1,0,0,1,0,0
DLTR,2014-11-01,1,1,0,1,1,1,1,0,0
DLTR,2015-01-31,1,1,0,1,1,1,1,0,1
DLTR,2015-05-02,1,1,0,1,0,1,1,0,1
DLTR,2015-08-01,1,1,0,1,0,1,0,0,1
DLTR,2015-10-31,1,1,0,1,0,1,0,0,1
DLTR,2016-01-30,1,1,0,1,0,0,0,0,1
DLTR,2016-04-30,1,1,0,1,1,0,0,0,0
DLTR,2016-07-30,1,1,0,1,1,0,0,0,0
DLTR,2016-10-29,1,1,0,1,1,0,0,0,0
DLTR,2017-01-28,1,1,0,1,1,0,0,1,0
DLTR,2017-04-29,1,1,1,1,1,0,0,1,0
DLTR,2017-07-29,1,1,1,1,1,0,0,1,1
DLTR,2017-10-28,1,1,1,1,1,0,0,1,1
DLTR,2018-02-03,1,1,1,0,1,0,0,1,1
DLTR,2018-05-05,1,1,1,0,1,1,0,1,1
DLTR,2018-08-04,1,1,1,0,1,1,0,1,1
DLTR,2018-11-03,1,1,1,1,1,1,0,1,0
DLTR,2019-02-02,0,1,0,1,1,1,0,0,0
DLTR,2019-05-04,0,1,0,1,1,0,0,0,1
DLTR,2019-08-03,0,1,0,1,1,0,0,0,0
DLTR,2019-11-02,0,1,0,1,1,0,1,0,1
DLTR,2020-02-01,1,1,1,1,1,0,1,0,1
DXCM,2013-12-31,0,1,1,1,1,0,0,1,1
DXCM,2014-03-31,0,1,1,1,1,0,0,1,1
DXCM,2014-06-30,0,1,1,1,1,0,0,1,1
DXCM,2014-09-30,0,1,1,1,1,1,0,1,1
DXCM,2014-12-31,0,1,1,1,1,1,0,1,1
DXCM,2015-03-31,0,1,1,1,1,1,0,1,1
DXCM,2015-06-30,0,1,1,1,1,1,0,1,1
DXCM,2015-09-30,0,1,0,1,1,1,0,1,1
DXCM,2018-06-30,0,1,1,1,1,0,0,0,0
DXCM,2018-09-30,1,1,1,1,1,0,0,0,0
DXCM,2018-12-31,0,1,0,1,0,1,0,0,0
DXCM,2019-03-31,0,1,0,1,1,1,0,0,0
DXCM,2019-06-30,0,1,0,1,1,1,0,0,1
DXCM,2019-09-30,0,1,0,1,1,1,0,0,1
DXCM,2019-12-31,1,1,1,1,1,0,0,0,0
DXCM,2020-03-31,1,1,1,1,0,0,0,1,0
EA,2013-03-31,1,0,1,0,0,0,1,1,0
EA,2013-06-30,1,0,1,0,0,1,1,1,0
EA,2013-09-30,1,0,1,0,0,1,1,1,0
EA,2013-12-31,0,1,0,1,0,1,1,0,1
EA,2014-03-31,1,1,0,1,0,1,1,0,1
EA,2014-06-30,1,1,1,1,1,1,0,0,1
EA,2014-09-30,1,1,1,1,1,1,0,0,1
EA,2015-06-30,1,1,1,1,1,0,1,1,0
EA,2015-09-30,1,1,1,0,1,0,1,1,0
EA,2016-06-30,1,1,1,0,1,1,1,0,0
EA,2017-03-31,1,1,0,1,1,1,1,1,0
EA,2017-06-30,1,1,0,1,0,1,0,1,0
EA,2018-03-31,1,1,0,1,1,1,0,1,0
EA,2018-06-30,1,1,0,1,1,1,1,0,0
EA,2018-09-30,1,1,0,1,1,1,1,0,0
EA,2018-12-31,1,1,1,1,1,1,1,1,0
EA,2019-03-31,1,1,0,1,1,1,1,0,0
EA,2019-06-30,1,1,1,0,1,0,1,1,0
EA,2019-09-30,1,1,1,0,1,0,1,1,0
EBAY,2011-12-31,1,1,1,1,1,0,1,0,1
EBAY,2012-03-31,1,1,1,0,1,0,1,0,1
EBAY,2012-06-30,1,1,1,0,1,1,1,1,0
EBAY,2012-09-30,1,1,1,0,0,1,0,1,1
EBAY,2012-12-31,1,1,0,1,0,1,1,1,0
EBAY,2013-03-31,1,1,0,1,0,1,0,1,0
EBAY,2013-06-30,1,1,0,1,0,1,0,1,1
EBAY,2013-09-30,1,1,0,1,1,0,0,1,0
EBAY,2013-12-31,1,1,0,1,1,0,0,0,0
EBAY,2014-03-31,0,1,0,1,1,0,1,0,0
EBAY,2014-06-30,0,1,0,1,1,0,1,0,0
EBAY,2014-09-30,0,1,0,1,0,0,1,0,0
EBAY,2014-12-31,1,1,0,1,0,0,1,0,0
EBAY,2015-03-31,1,1,1,1,0,1,1,0,1
EBAY,2015-06-30,1,1,1,1,0,1,1,0,0
EBAY,2015-09-30,1,1,1,1,1,1,1,0,0
EBAY,2015-12-31,1,1,1,1,0,1,1,0,0
EBAY,2016-03-31,1,1,0,1,0,1,1,0,0
EBAY,2016-06-30,1,1,0,1,0,1,1,0,0
EBAY,2016-09-30,1,1,1,1,0,1,1,1,1
EBAY,2016-12-31,1,1,1,0,0,0,1,1,1
EBAY,2017-03-31,1,1,1,0,0,0,1,1,1
EBAY,2017-06-30,1,1,1,0,0,0,1,1,1
EBAY,2017-09-30,1,1,1,0,1,0,1,0,0
EBAY,2017-12-31,0,1,0,1,1,0,1,1,0
EBAY,2018-03-31,0,1,0,1,0,1,1,1,0
EBAY,2018-06-30,0,1,0,1,1,0,1,1,0
EBAY,2018-09-30,0,1,0,1,1,0,1,1,0
EBAY,2018-12-31,1,1,1,1,1,0,1,1,1
EBAY,2019-03-31,1,1,1,1,1,0,1,1,1
EBAY,2019-06-30,1,1,1,1,1,0,1,1,1
EBAY,2019-09-30,1,1,1,1,1,0,1,0,1
EBAY,2019-12-31,1,1,0,1,1,0,1,0,1
EBAY,2020-03-31,1,1,1,0,1,0,1,0,1
EXC,2013-12-31,1,0,0,0,0,1,0,0,0
EXC,2014-06-30,1,1,1,1,1,1,0,0,1
EXC,2014-09-30,1,1,1,1,1,1,0,0,1
EXC,2014-12-31,1,1,1,1,1,1,0,0,1
EXC,2015-03-31,1,1,0,1,1,1,0,0,0
EXC,2015-06-30,1,1,0,1,1,1,0,0,0
EXC,2015-09-30,1,1,0,1,1,1,0,0,0
EXC,2015-12-31,1,1,1,1,0,1,0,0,0
EXC,2016-03-31,1,1,0,1,0,0,0,0,0
EXC,2016-06-30,1,1,0,1,0,0,0,0,0
EXC,2016-09-30,1,1,0,1,0,0,0,0,0
EXC,2016-12-31,1,1,0,1,0,0,0,0,0
EXC,2017-03-31,1,1,0,1,1,1,0,0,0
EXC,2017-06-30,1,1,0,1,1,0,0,0,0
EXC,2017-09-30,1,1,0,1,1,1,0,0,0
EXC,2017-12-31,1,1,1,1,1,1,0,0,0
EXC,2018-03-31,1,1,1,1,0,1,0,0,1
EXC,2018-06-30,1,1,1,1,0,1,0,0,1
EXC,2018-09-30,1,1,1,1,0,1,0,0,1
EXC,2018-12-31,1,1,0,1,0,1,0,0,1
EXC,2019-03-31,1,1,0,1,1,0,0,0,1
EXC,2019-06-30,1,1,0,1,1,0,0,0,1
EXC,2019-09-30,1,1,0,1,1,0,0,0,1
EXPE,2011-06-30,1,1,1,1,0,1,1,0,1
EXPE,2011-09-30,1,1,1,1,1,1,1,0,1
EXPE,2011-12-31,1,1,1,1,1,0,1,0,1
EXPE,2012-03-31,1,1,1,1,1,0,1,0,1
EXPE,2012-06-30,1,1,0,1,1,0,1,0,0
EXPE,2012-09-30,1,1,0,1,1,0,1,0,0
EXPE,2012-12-31,1,1,0,1,0,0,1,0,1
EXPE,2013-03-31,1,1,0,1,1,0,0,1,1
EXPE,2013-06-30,1,1,0,1,1,0,0,1,1
EXPE,2013-09-30,1,1,0,1,1,0,0,1,1
EXPE,2013-12-31,1,1,0,1,1,0,0,1,1
EXPE,2014-03-31,1,1,1,1,1,0,1,1,0
EXPE,2014-06-30,1,1,1,1,1,0,1,1,1
EXPE,2014-09-30,1,1,1,1,0,1,1,1,1
EXPE,2014-12-31,1,1,1,1,0,1,1,1,1
EXPE,2015-03-31,1,1,1,1,0,0,1,1,1
EXPE,2015-06-30,1,1,1,1,0,1,1,1,1
EXPE,2015-09-30,1,1,1,1,0,0,1,1,0
EXPE,2015-12-31,1,1,1,1,0,0,0,1,0
EXPE,2016-03-31,1,1,1,1,0,0,0,1,1
EXPE,2016-06-30,1,1,0,1,1,0,0,1,0
EXPE,2016-09-30,1,1,0,1,1,1,0,1,1
EXPE,2016-12-31,1,1,0,1,1,1,0,1,0
EXPE,2017-03-31,1,1,0,1,1,1,1,1,0
EXPE,2017-06-30,1,1,1,1,1,1,0,1,0
EXPE,2017-09-30,1,1,1,1,0,1,0,1,0
EXPE,2017-12-31,1,1,1,1,0,1,0,1,1
EXPE,2018-03-31,1,1,0,1,0,1,0,1,1
EXPE,2018-06-30,1,1,0,1,0,1,1,0,1
EXPE,2018-09-30,1,1,0,1,1,0,1,0,0
EXPE,2018-12-31,1,1,0,1,1,0,1,0,0
EXPE,2019-03-31,1,1,1,1,1,0,1,0,0
EXPE,2019-06-30,1,1,1,1,1,1,1,1,0
EXPE,2019-09-30,1,1,1,1,0,1,1,1,1
FAST,2016-06-30,1,1,0,1,0,1,1,0,0
FAST,2016-09-30,1,1,0,1,0,1,1,0,0
FAST,2016-12-31,1,1,0,1,0,1,1,0,0
FAST,2017-03-31,1,1,0,1,1,1,0,0,0
FAST,2017-06-30,1,1,0,1,0,1,0,0,0
FAST,2017-09-30,1,1,0,1,1,0,1,0,0
FAST,2017-12-31,1,1,1,1,0,0,1,0,1
FAST,2018-03-31,1,1,1,0,0,1,1,0,1
FAST,2018-06-30,1,1,1,0,1,1,1,0,1
FAST,2018-09-30,1,1,1,0,1,0,1,0,1
FAST,2018-12-31,1,1,1,0,0,0,1,0,1
FAST,2019-03-31,1,1,1,0,0,0,1,0,1
FAST,2019-06-30,1,1,1,0,0,0,0,0,1
FAST,2019-09-30,1,1,0,0,1,0,0,0,0
FAST,2019-12-31,1,1,0,1,1,0,0,0,0
FAST,2020-03-31,1,1,0,1,1,0,0,0,0
FB,2013-06-30,1,1,0,1,0,0,0,0,0
FB,2014-03-31,1,1,1,1,1,1,0,1,0
FB,2014-06-30,1,1,1,1,1,1,0,1,1
FB,2015-03-31,1,1,1,1,1,0,0,1,1
FB,2015-06-30,1,1,0,1,1,0,0,1,1
FB,2015-09-30,1,1,0,1,1,0,0,1,0
FB,2015-12-31,1,1,0,1,1,1,0,1,0
FB,2020-03-31,1,1,0,1,0,0,1,0,1
FISV,2011-06-30,1,1,1,1,0,0,1,1,1
FISV,2011-09-30,1,1,0,1,0,0,1,1,1
FISV,2011-12-31,1,1,0,1,1,0,1,0,1
FISV,2012-03-31,1,1,1,1,1,0,1,0,1
FISV,2012-06-30,1,1,1,1,1,0,1,0,1
FISV,2012-09-30,1,1,1,1,1,1,1,0,1
FISV,2012-12-31,1,1,1,1,1,1,1,0,1
FISV,2013-03-31,1,1,1,1,0,1,1,0,1
FISV,2013-06-30,1,1,1,1,0,1,1,0,1
FISV,2013-09-30,1,1,1,1,0,0,1,0,1
FISV,2013-12-31,1,1,1,1,0,0,0,0,1
FISV,2014-03-31,1,1,1,1,1,0,0,1,0
FISV,2014-06-30,1,1,1,1,1,0,0,1,0
FISV,2014-09-30,1,1,1,1,1,0,0,1,0
FISV,2014-12-31,1,1,1,1,1,0,1,1,0
FISV,2015-03-31,1,1,1,1,0,0,1,0,1
FISV,2015-06-30,1,1,1,1,0,1,1,1,1
FISV,2015-09-30,1,1,0,1,0,0,1,1,1
FISV,2015-12-31,1,1,0,1,0,1,1,1,1
FISV,2016-03-31,1,1,1,1,0,0,1,1,1
FISV,2016-06-30,1,1,1,1,0,0,1,1,1
FISV,2016-09-30,1,1,1,1,0,0,1,0,1
FISV,2016-12-31,1,1,1,1,0,0,1,1,1
FISV,2017-03-31,1,1,1,1,0,0,1,1,1
FISV,2017-06-30,1,1,0,1,0,0,1,1,1
FISV,2017-09-30,1,1,0,1,0,0,1,1,1
FISV,2017-12-31,1,1,1,1,0,1,1,1,0
FISV,2018-03-31,1,1,1,0,1,1,0,1,1
FISV,2018-06-30,1,1,1,0,1,1,0,1,1
FISV,2018-09-30,1,1,1,1,1,0,0,1,0
FISV,2018-12-31,1,1,0,1,0,1,0,1,0
FISV,2019-03-31,1,1,0,1,0,1,1,1,0
FISV,2019-06-30,1,1,0,1,0,1,1,1,0
FISV,2019-09-30,1,1,0,1,0,1,0,1,1
FISV,2019-12-31,1,1,0,1,1,0,0,1,1
GILD,2011-06-30,1,1,0,1,0,1,1,0,0
GILD,2011-09-30,1,1,0,1,0,1,1,0,0
GILD,2011-12-31,1,1,0,1,0,1,1,0,0
GILD,2012-03-31,1,1,0,1,0,0,1,0,0
GILD,2012-06-30,1,1,0,1,0,0,1,0,0
GILD,2012-09-30,1,1,0,1,0,0,1,0,1
GILD,2012-12-31,1,1,0,1,1,0,0,0,0
GILD,2013-03-31,1,1,0,1,1,1,0,1,0
GILD,2013-06-30,1,1,0,1,1,1,0,1,0
GILD,2013-09-30,1,1,0,1,1,1,0,1,0
GILD,2013-12-31,1,1,0,1,1,0,0,0,0
GILD,2014-03-31,1,1,1,0,0,1,0,1,1
GILD,2014-06-30,1,1,1,0,0,1,0,1,1
GILD,2014-09-30,1,1,1,1,0,1,0,1,1
GILD,2014-12-31,1,1,1,1,0,1,1,1,1
GILD,2015-03-31,1,1,1,1,0,1,1,1,1
GILD,2015-06-30,1,1,1,1,0,0,1,1,1
GILD,2015-09-30,1,1,1,1,0,1,1,1,1
GILD,2015-12-31,1,1,0,1,0,0,1,1,0
GILD,2016-03-31,1,1,0,1,0,0,1,1,0
GILD,2016-06-30,1,1,0,1,0,0,1,1,0
GILD,2016-09-30,1,1,0,1,1,0,1,0,0
GILD,2016-12-31,1,1,0,1,0,0,1,0,0
GILD,2017-03-31,1,1,0,1,0,1,1,0,0
GILD,2017-06-30,1,1,0,1,0,1,1,0,0
GILD,2017-09-30,1,1,0,1,1,1,1,0,0
GILD,2017-12-31,1,1,0,1,1,1,1,0,0
GILD,2018-03-31,1,1,0,1,1,1,1,0,0
GILD,2018-06-30,1,1,0,1,1,0,1,0,0
GILD,2018-09-30,1,1,0,1,1,0,1,0,0
GILD,2018-12-31,1,1,0,1,1,1,1,0,0
GILD,2019-03-31,1,1,1,1,1,1,1,0,0
GILD,2019-06-30,1,1,1,1,1,1,1,0,0
GILD,2019-09-30,1,1,1,1,1,0,1,0,1
GILD,2019-12-31,1,1,1,1,1,0,1,1,1
GILD,2020-03-31,1,1,0,1,1,0,1,1,1
GOOG,2017-09-30,1,1,0,1,1,0,0,0,1
GOOG,2017-12-31,1,1,0,1,1,0,0,0,1
GOOG,2018-06-30,1,1,0,1,1,0,0,0,1
GOOG,2018-09-30,1,1,0,1,1,0,0,0,1
GOOG,2018-12-31,1,1,1,1,1,0,0,0,1
GOOG,2019-06-30,1,1,1,1,1,0,1,0,1
GOOG,2019-09-30,1,1,1,1,1,0,1,0,1
GOOG,2019-12-31,1,1,0,1,1,0,1,0,1
GOOGL,2012-06-30,1,1,0,1,1,0,0,0,0
GOOGL,2012-09-30,1,1,0,1,1,0,0,0,1
GOOGL,2012-12-31,1,1,0,1,1,0,0,0,0
GOOGL,2013-03-31,1,1,0,1,1,0,0,0,0
GOOGL,2013-06-30,1,1,0,1,1,1,0,0,0
GOOGL,2013-09-30,1,1,0,1,1,1,0,1,0
GOOGL,2013-12-31,1,1,0,1,1,1,0,0,0
GOOGL,2014-03-31,1,1,0,1,1,0,0,0,0
GOOGL,2014-06-30,1,1,0,1,0,1,0,0,1
GOOGL,2014-09-30,1,1,0,1,0,0,0,0,1
GOOGL,2014-12-31,1,1,0,1,0,1,0,1,1
GOOGL,2015-03-31,1,1,0,1,1,1,0,1,0
GOOGL,2015-06-30,1,1,0,1,1,1,0,1,0
GOOGL,2015-09-30,1,1,1,1,1,1,1,1,1
GOOGL,2015-12-31,1,1,1,1,1,0,1,1,1
GOOGL,2016-06-30,1,1,1,1,1,1,1,1,1
GOOGL,2016-09-30,1,1,0,1,0,1,0,0,0
GOOGL,2016-12-31,1,1,0,1,0,1,0,0,0
GOOGL,2017-06-30,1,1,0,1,0,1,0,0,0
GOOGL,2017-09-30,1,1,0,1,1,0,0,0,1
GOOGL,2017-12-31,1,1,0,1,1,0,0,0,1
GOOGL,2018-06-30,1,1,0,1,1,0,0,0,1
GOOGL,2018-09-30,1,1,0,1,1,0,0,0,1
GOOGL,2018-12-31,1,1,1,1,1,0,0,0,1
GOOGL,2019-06-30,1,1,1,1,1,0,1,0,1
GOOGL,2019-09-30,1,1,1,1,1,0,1,0,1
GOOGL,2019-12-31,1,1,0,1,1,0,1,0,1
IDXX,2013-03-31,1,1,0,1,1,1,1,1,0
IDXX,2013-06-30,1,1,0,1,1,0,1,1,0
IDXX,2013-09-30,1,1,0,1,1,0,1,1,0
IDXX,2013-12-31,1,1,0,1,0,0,1,1,0
IDXX,2014-03-31,1,1,0,1,0,0,1,1,1
IDXX,2014-06-30,1,1,0,1,0,1,1,1,1
IDXX,2014-09-30,1,1,0,1,0,1,1,1,1
IDXX,2014-12-31,1,1,0,1,0,0,1,1,0
IDXX,2015-03-31,1,1,0,1,0,0,1,0,0
IDXX,2015-06-30,1,1,0,1,0,0,0,0,0
IDXX,2015-09-30,1,1,0,0,0,0,0,0,0
IDXX,2015-12-31,1,1,0,1,0,1,0,1,0
IDXX,2016-03-31,1,1,0,1,0,0,0,1,0
IDXX,2016-06-30,1,1,0,1,1,0,1,0,0
IDXX,2016-09-30,1,1,1,1,1,1,1,0,0
IDXX,2016-12-31,1,1,1,1,1,0,1,0,1
IDXX,2017-03-31,1,1,1,1,1,1,1,1,1
IDXX,2017-06-30,1,1,1,1,1,0,1,1,1
IDXX,2017-09-30,1,1,1,1,1,0,1,1,1
IDXX,2017-12-31,1,1,1,1,1,1,1,1,1
IDXX,2018-03-31,1,1,1,1,1,1,1,1,1
IDXX,2018-06-30,1,1,1,1,1,1,1,1,1
IDXX,2018-09-30,1,1,1,1,1,0,1,1,1
IDXX,2018-12-31,1,1,1,1,0,0,1,1,1
IDXX,2019-03-31,1,1,1,1,1,1,1,1,1
IDXX,2019-06-30,1,1,1,1,1,1,1,1,1
IDXX,2019-09-30,1,1,1,1,1,1,1,1,1
IDXX,2019-12-31,1,1,1,1,1,1,1,1,1
IDXX,2020-03-31,1,1,0,1,1,0,1,1,0
ILMN,2013-06-30,1,1,1,1,1,0,0,0,1
ILMN,2013-09-29,1,1,1,1,1,0,0,0,1
ILMN,2013-12-29,1,1,0,1,1,0,0,0,1
ILMN,2014-06-29,1,1,1,1,0,0,0,0,1
ILMN,2014-09-28,1,1,1,1,0,0,0,1,1
ILMN,2014-12-28,1,1,1,1,0,0,0,1,1
ILMN,2015-06-28,1,1,1,1,1,1,0,1,1
ILMN,2015-09-27,1,1,1,1,1,1,0,1,1
ILMN,2016-01-03,1,1,1,1,1,1,0,1,1
ILMN,2016-04-03,1,1,0,1,1,1,0,0,0
ILMN,2016-07-03,1,1,0,1,1,1,0,0,0
ILMN,2016-10-02,1,1,0,1,1,0,0,0,0
ILMN,2017-01-01,1,1,0,1,1,0,0,0,0
ILMN,2017-04-02,1,1,1,1,1,0,1,0,0
ILMN,2017-07-02,1,1,1,1,1,1,1,0,0
ILMN,2017-10-01,1,1,1,1,1,1,1,0,0
ILMN,2017-12-31,1,1,1,1,1,1,1,0,0
ILMN,2018-04-01,1,1,0,1,1,0,0,1,0
ILMN,2018-07-01,1,1,0,1,1,0,0,1,1
ILMN,2018-09-30,1,1,0,1,1,0,0,1,1
ILMN,2018-12-30,1,1,0,1,1,0,0,1,0
ILMN,2019-03-31,1,1,1,1,0,1,0,1,0
ILMN,2019-06-30,1,1,1,0,0,1,0,0,0
ILMN,2019-09-29,1,1,1,0,0,1,0,0,0
ILMN,2019-12-29,1,1,0,1,0,1,0,1,0
ILMN,2020-03-29,1,1,0,1,1,1,0,1,0
INCY,2011-06-30,0,0,1,1,0,0,0,0,0
INCY,2011-09-30,0,0,1,1,0,0,0,0,1
INCY,2011-12-31,0,0,0,1,0,0,0,0,0
INCY,2012-03-31,0,0,0,1,0,0,0,0,0
INCY,2012-06-30,0,0,0,1,0,0,0,0,1
INCY,2012-09-30,0,0,0,1,0,0,0,0,1
INCY,2012-12-31,0,0,1,0,0,0,0,0,1
INCY,2013-03-31,0,0,1,0,0,1,0,0,1
INCY,2013-06-30,0,0,1,1,1,1,0,0,1
INCY,2013-09-30,0,0,1,1,1,1,1,0,1
INCY,2013-12-31,0,1,0,1,0,1,0,0,1
INCY,2014-03-31,0,0,0,1,0,1,0,0,1
INCY,2014-06-30,0,0,0,1,0,1,0,0,0
INCY,2014-09-30,0,0,0,1,0,1,0,0,1
INCY,2014-12-31,0,1,1,1,1,0,0,0,0
INCY,2015-03-31,0,1,1,1,1,0,0,0,0
INCY,2015-06-30,1,1,1,1,1,0,0,0,0
INCY,2015-09-30,0,1,1,1,1,0,0,0,0
INCY,2015-12-31,1,1,1,1,1,1,0,0,1
INCY,2016-03-31,1,1,1,1,1,1,1,0,1
INCY,2016-06-30,1,1,1,1,1,1,1,0,1
INCY,2016-09-30,1,1,1,1,1,0,0,0,1
INCY,2016-12-31,1,1,1,1,1,0,0,0,1
INCY,2017-03-31,0,1,0,1,1,0,0,0,1
INCY,2017-06-30,0,1,0,1,1,0,0,0,0
INCY,2017-09-30,0,1,0,1,1,1,0,0,0
INCY,2017-12-31,0,0,0,1,1,1,0,1,0
INCY,2018-03-31,0,1,0,1,1,1,0,1,0
INCY,2018-06-30,0,1,1,1,1,1,0,1,1
INCY,2018-09-30,0,1,1,1,1,0,0,1,0
INCY,2018-12-31,1,1,1,1,1,1,0,1,0
INCY,2019-03-31,1,1,1,1,1,1,0,1,0
INCY,2019-06-30,1,1,1,1,1,1,0,0,0
INCY,2019-09-30,1,1,1,1,1,1,0,0,1
INCY,2019-12-31,1,1,1,1,0,1,0,0,0
INCY,2020-03-31,0,0,0,1,0,0,0,0,0
INTC,2013-06-29,1,1,0,1,0,1,1,0,0
INTC,2013-09-28,1,1,0,1,0,1,1,0,0
INTC,2013-12-28,1,1,0,1,1,0,1,0,0
INTC,2014-03-29,1,1,0,1,1,0,0,1,0
INTC,2014-06-28,1,1,0,1,1,0,0,1,0
INTC,2014-09-27,1,1,0,1,1,0,1,1,0
INTC,2014-12-27,1,1,1,1,1,0,1,1,0
INTC,2015-03-28,1,1,1,1,1,0,1,1,0
INTC,2015-06-27,1,1,1,1,1,0,1,1,0
INTC,2015-09-26,1,1,1,1,0,1,1,1,1
INTC,2015-12-26,1,1,0,1,0,1,1,0,0
INTC,2016-04-02,1,1,1,1,0,0,1,0,1
INTC,2016-07-02,1,1,0,1,0,0,1,0,1
INTC,2016-10-01,1,1,0,1,0,0,1,0,0
INTC,2016-12-31,1,1,0,1,1,0,1,0,0
INTC,2017-04-01,1,1,0,1,1,1,0,0,0
INTC,2017-07-01,1,1,1,1,0,1,1,1,0
INTC,2017-09-30,1,1,1,1,0,0,1,1,0
INTC,2017-12-30,1,1,0,1,0,0,1,1,0
INTC,2018-03-31,1,1,0,1,0,0,1,1,0
INTC,2018-06-30,1,1,0,1,1,0,1,0,0
INTC,2018-09-29,1,1,0,1,1,0,1,1,0
INTC,2018-12-29,1,1,1,1,1,1,1,0,1
INTC,2019-03-30,1,1,1,1,0,0,1,0,0
INTC,2019-06-29,1,1,1,1,1,0,1,0,1
INTC,2019-09-28,1,1,1,1,1,0,1,0,1
INTC,2019-12-28,1,1,0,1,1,0,1,0,0
INTC,2020-03-28,1,1,1,1,0,1,1,0,1
INTU,2013-07-31,1,1,1,1,1,1,0,1,1
INTU,2013-10-31,1,1,1,1,1,1,1,1,1
INTU,2014-01-31,1,1,0,1,1,1,1,0,0
INTU,2014-04-30,1,1,0,1,1,1,1,0,0
INTU,2014-07-31,1,1,0,1,0,0,1,0,0
INTU,2014-10-31,1,1,1,1,0,1,1,0,1
INTU,2015-01-31,1,1,1,1,1,0,1,1,1
INTU,2015-04-30,1,1,0,1,1,0,1,0,1
INTU,2015-07-31,1,1,0,1,1,0,1,0,0
INTU,2015-10-31,1,1,0,1,0,0,1,1,0
INTU,2016-01-31,1,1,0,1,0,0,1,1,0
INTU,2016-04-30,1,1,1,1,0,0,1,1,1
INTU,2016-07-31,1,1,1,1,0,0,1,1,1
INTU,2016-10-31,1,1,1,1,0,0,1,1,1
INTU,2017-01-31,1,1,1,1,1,0,1,1,1
INTU,2017-04-30,1,1,0,1,1,1,1,1,1
INTU,2017-07-31,1,1,1,1,1,1,1,1,1
INTU,2017-10-31,1,1,0,1,1,1,1,1,1
INTU,2018-01-31,1,1,0,1,1,1,1,1,1
INTU,2018-04-30,1,1,1,1,1,1,1,1,1
INTU,2018-07-31,1,1,1,1,1,1,1,1,1
INTU,2018-10-31,1,1,1,1,1,1,0,1,1
INTU,2019-01-31,1,1,1,1,1,1,0,1,1
INTU,2019-04-30,1,1,1,1,1,1,0,1,1
INTU,2019-07-31,1,1,1,1,1,1,0,1,0
INTU,2019-10-31,1,1,1,1,1,1,0,1,0
INTU,2020-01-31,1,1,1,1,1,1,0,1,1
KHC,2016-07-03,1,1,0,1,1,0,0,0,0
KHC,2016-10-02,1,1,0,1,1,0,0,1,0
KHC,2016-12-31,1,1,1,1,1,0,0,1,0
KHC,2017-04-01,1,1,0,1,1,0,0,1,0
KHC,2017-07-01,1,1,0,0,1,0,0,1,0
KHC,2017-09-30,1,1,1,0,1,0,0,1,0
KHC,2017-12-30,1,1,1,0,1,0,0,1,1
KHC,2018-03-31,1,1,1,0,1,0,0,1,1
KHC,2018-06-30,1,1,1,0,0,1,0,0,1
KHC,2018-09-29,1,1,1,0,0,1,0,0,1
KHC,2018-12-29,0,1,0,1,0,1,0,0,1
KHC,2019-03-30,0,1,0,1,0,1,0,0,0
KHC,2019-06-29,0,1,0,1,0,1,0,0,0
KHC,2019-09-28,0,1,0,1,0,1,0,0,0
KHC,2019-12-28,1,1,1,1,0,0,0,0,1
KHC,2020-03-28,1,1,1,1,0,1,0,0,1
KLAC,2011-06-30,1,1,1,1,1,1,1,1,1
KLAC,2012-03-31,1,1,0,1,1,1,1,0,0
KLAC,2012-06-30,1,1,0,1,1,1,1,0,0
KLAC,2012-09-30,1,1,0,1,1,1,1,0,0
KLAC,2012-12-31,1,1,0,1,1,1,0,0,0
KLAC,2013-03-31,1,1,0,1,1,1,1,0,0
KLAC,2013-06-30,1,1,0,1,1,1,1,0,0
KLAC,2013-09-30,1,1,0,1,1,0,1,0,0
KLAC,2013-12-31,1,1,0,1,1,0,1,1,0
KLAC,2014-03-31,1,1,0,1,1,0,1,1,0
KLAC,2014-06-30,1,1,1,1,1,1,1,1,0
KLAC,2014-09-30,1,1,1,1,1,1,1,1,1
KLAC,2014-12-31,1,1,0,1,0,0,1,0,0
KLAC,2015-03-31,1,1,0,1,0,0,1,0,0
KLAC,2015-06-30,1,1,0,1,0,0,1,0,0
KLAC,2015-09-30,1,1,0,1,0,0,1,1,0
KLAC,2015-12-31,1,1,1,1,0,0,1,1,1
KLAC,2016-03-31,1,1,1,1,0,0,1,1,1
KLAC,2016-06-30,1,1,1,1,0,0,1,1,1
KLAC,2016-09-30,1,1,1,0,1,1,1,1,1
KLAC,2016-12-31,1,1,1,0,1,0,0,1,1
KLAC,2017-03-31,1,1,1,1,1,0,0,1,1
KLAC,2017-06-30,1,1,1,1,1,0,0,1,1
KLAC,2017-09-30,1,1,1,1,1,0,0,1,1
KLAC,2017-12-31,1,1,0,1,1,1,0,1,1
KLAC,2018-03-31,1,1,0,1,1,1,0,1,1
KLAC,2018-06-30,1,1,0,1,1,1,1,1,1
KLAC,2018-09-30,1,1,0,1,1,1,1,1,0
KLAC,2018-12-31,1,1,1,0,1,0,1,1,1
KLAC,2019-03-31,1,1,1,0,0,0,1,0,1
KLAC,2019-06-30,1,1,1,0,0,0,1,0,1
KLAC,2019-09-30,1,1,1,1,0,0,0,0,1
KLAC,2019-12-31,1,1,0,1,0,0,0,0,1
KLAC,2020-03-31,1,1,0,1,1,1,0,0,0
LBTYA,2011-06-30,1,1,1,1,0,1,1,1,1
LBTYA,2011-09-30,0,1,0,1,0,1,0,1,1
LBTYA,2011-12-31,0,1,0,1,0,0,0,1,1
LBTYA,2012-03-31,0,1,0,1,1,0,0,1,1
LBTYA,2012-06-30,0,1,0,1,1,0,0,1,0
LBTYA,2012-09-30,1,1,1,1,0,1,1,1,1
LBTYA,2012-12-31,1,1,1,1,0,0,1,1,0
LBTYA,2013-03-31,1,1,1,1,0,0,1,0,1
LBTYA,2013-12-31,0,1,0,1,0,0,1,1,1
LBTYA,2014-12-31,0,1,1,1,1,0,0,0,0
LBTYA,2015-09-30,0,1,0,1,0,0,1,0,1
LBTYA,2015-12-31,0,1,0,1,1,0,0,0,0
LBTYA,2016-03-31,0,1,1,1,0,0,1,0,1
LBTYA,2016-06-30,0,1,1,1,0,1,1,0,0
LBTYA,2016-09-30,0,1,1,1,1,1,0,0,0
LBTYA,2016-12-31,1,1,1,1,1,1,1,0,1
LBTYA,2017-03-31,1,1,1,1,1,1,0,0,1
LBTYA,2017-06-30,1,1,1,1,1,1,0,0,0
LBTYA,2017-09-30,1,1,1,1,0,1,0,0,0
LBTYA,2017-12-31,0,1,0,1,0,0,0,1,0
LBTYA,2018-03-31,0,1,0,1,0,0,0,1,0
LBTYA,2018-06-30,0,1,0,1,1,0,0,1,0
LBTYA,2018-09-30,0,1,0,1,1,0,0,1,0
LBTYA,2018-12-31,1,1,1,1,1,0,0,0,0
LBTYA,2019-03-31,1,1,1,1,1,1,1,0,0
LBTYA,2019-06-30,1,1,1,1,0,1,1,0,1
LBTYA,2019-09-30,1,1,1,0,0,1,1,0,1
LBTYK,2015-09-30,0,1,0,1,0,0,1,0,1
LBTYK,2015-12-31,0,1,0,1,1,0,0,0,0
LBTYK,2016-03-31,0,1,1,1,0,0,1,0,1
LBTYK,2016-06-30,0,1,1,1,0,1,1,0,0
LBTYK,2016-09-30,0,1,1,1,1,1,0,0,0
LBTYK,2016-12-31,1,1,1,1,1,1,1,0,1
LBTYK,2017-03-31,1,1,1,1,1,1,0,0,1
LBTYK,2017-06-30,1,1,1,1,1,1,0,0,0
LBTYK,2017-09-30,1,1,1,1,0,1,0,0,0
LBTYK,2017-12-31,0,1,0,1,0,0,0,1,0
LBTYK,2018-03-31,0,1,0,1,0,0,0,1,0
LBTYK,2018-06-30,0,1,0,1,1,0,0,1,0
LBTYK,2018-09-30,0,1,0,1,1,0,0,1,0
LBTYK,2018-12-31,1,1,1,1,1,0,0,0,0
LBTYK,2019-03-31,1,1,1,1,1,1,1,0,0
LBTYK,2019-06-30,1,1,1,1,0,1,1,0,1
LBTYK,2019-09-30,1,1,1,0,0,1,1,0,1
LBTYK,2020-03-31,1,1,1,0,1,1,1,0,1
LRCX,2011-06-26,1,1,1,1,0,1,1,1,1
LRCX,2011-09-25,1,1,0,1,0,1,1,0,0
LRCX,2011-12-25,1,1,0,1,0,1,1,0,0
LRCX,2012-03-25,1,1,0,1,0,1,1,0,0
LRCX,2012-06-24,1,1,0,1,1,0,0,0,0
LRCX,2012-09-23,1,1,0,1,0,0,0,0,0
LRCX,2012-12-23,1,1,0,1,1,0,0,0,0
LRCX,2013-03-31,1,1,0,1,1,0,0,0,0
LRCX,2013-06-30,1,1,0,1,1,0,0,0,0
LRCX,2013-09-29,1,1,0,1,1,0,1,1,0
LRCX,2013-12-29,1,1,1,1,1,0,1,1,0
LRCX,2014-03-30,1,1,1,1,1,0,1,1,0
LRCX,2014-06-29,1,1,1,1,0,1,1,1,1
LRCX,2014-09-28,1,1,1,1,1,1,1,1,1
LRCX,2014-12-28,1,1,1,1,1,1,1,1,1
LRCX,2015-03-29,1,1,1,0,0,1,1,1,1
LRCX,2015-06-28,1,1,0,1,0,0,1,0,1
LRCX,2015-09-27,1,1,1,1,0,0,1,0,1
LRCX,2015-12-27,1,1,1,1,0,1,1,1,1
LRCX,2016-03-27,1,1,0,1,1,0,1,1,0
LRCX,2016-06-26,1,1,1,1,0,1,1,1,0
LRCX,2016-09-25,1,1,0,1,0,1,0,1,0
LRCX,2016-12-25,1,1,0,1,0,1,0,1,0
LRCX,2017-03-26,1,1,1,1,0,1,0,1,1
LRCX,2017-06-25,1,1,1,1,1,0,0,1,1
LRCX,2017-09-24,1,1,1,1,1,0,0,1,1
LRCX,2017-12-24,1,1,1,1,1,0,0,1,1
LRCX,2018-03-25,1,1,1,1,1,0,1,1,1
LRCX,2018-06-24,1,1,1,1,1,0,1,1,1
LRCX,2018-09-23,1,1,1,1,1,0,1,1,1
LRCX,2018-12-23,1,1,1,1,0,1,1,1,1
LRCX,2019-03-31,1,1,1,1,0,1,1,0,0
LRCX,2019-06-30,1,1,0,1,0,1,1,0,0
LRCX,2019-09-29,1,1,1,1,0,1,1,0,0
LRCX,2019-12-29,1,1,0,1,0,0,1,0,1
LRCX,2020-03-29,1,1,0,1,0,1,1,1,0
LULU,2018-01-28,1,1,0,1,0,1,1,1,0
LULU,2019-02-03,1,1,1,1,0,0,1,1,1
LULU,2019-08-04,1,1,1,1,0,0,1,1,1
LULU,2019-11-03,1,1,1,0,0,0,1,1,0
LULU,2020-02-02,1,1,1,1,0,1,1,1,1
MAR,2011-06-17,1,1,1,1,1,0,0,1,0
MAR,2011-09-09,1,1,1,1,1,0,1,0,0
MAR,2011-12-30,1,1,0,1,1,0,1,0,0
MAR,2012-03-23,1,1,0,1,1,0,1,0,1
MAR,2012-06-15,1,1,0,1,0,0,1,0,0
MAR,2012-09-07,1,1,1,1,0,0,1,0,0
MAR,2012-12-28,1,1,1,1,0,1,1,0,1
MAR,2013-03-31,1,1,1,1,0,1,1,0,1
MAR,2013-06-30,1,1,1,1,0,1,1,0,1
MAR,2013-09-30,1,1,1,1,0,1,1,0,1
MAR,2013-12-31,1,1,1,1,0,1,1,0,1
MAR,2014-03-31,1,1,1,1,1,0,1,0,0
MAR,2014-06-30,1,1,0,1,0,1,1,0,0
MAR,2014-09-30,1,1,0,1,0,0,1,0,0
MAR,2014-12-31,1,1,1,1,0,0,1,0,1
MAR,2015-03-31,1,1,1,1,0,1,1,0,1
MAR,2015-06-30,1,1,1,1,1,0,1,0,1
MAR,2015-09-30,1,1,1,1,0,0,1,0,1
MAR,2015-12-31,1,1,1,1,0,0,1,0,1
MAR,2016-03-31,1,1,1,1,0,0,1,0,1
MAR,2016-06-30,1,1,1,1,0,1,1,0,1
MAR,2016-09-30,1,1,0,1,0,1,1,0,1
MAR,2016-12-31,1,1,1,1,0,1,0,0,1
MAR,2017-03-31,1,1,1,1,1,1,0,0,1
MAR,2017-06-30,1,1,1,1,1,0,0,0,1
MAR,2017-09-30,1,1,0,1,1,0,0,0,0
MAR,2017-12-31,1,1,0,1,1,0,0,0,0
MAR,2018-03-31,1,1,0,1,1,0,1,0,0
MAR,2018-06-30,1,1,0,1,1,0,1,0,0
MAR,2018-09-30,1,1,1,1,0,0,1,0,0
MAR,2018-12-31,1,1,1,1,0,0,1,0,0
MAR,2019-03-31,1,1,1,0,0,0,1,0,0
MAR,2019-06-30,1,1,0,1,0,1,1,0,0
MAR,2019-09-30,1,1,0,1,0,1,1,0,1
MAR,2019-12-31,1,1,0,1,0,1,1,0,1
MCHP,2013-09-30,1,1,0,1,1,0,0,0,1
MCHP,2013-12-31,1,1,1,1,1,0,0,1,0
MCHP,2014-03-31,1,1,1,1,1,0,0,1,0
MCHP,2014-06-30,1,1,1,1,0,1,0,1,0
MCHP,2014-09-30,1,1,1,1,0,0,0,1,1
MCHP,2014-12-31,1,1,1,1,0,0,0,0,1
MCHP,2015-03-31,1,1,0,1,0,1,0,0,1
MCHP,2015-06-30,1,1,0,1,0,0,0,0,0
MCHP,2015-09-30,1,1,0,1,0,1,0,0,0
MCHP,2015-12-31,1,1,0,1,0,0,0,0,0
MCHP,2016-03-31,1,1,0,1,1,1,0,0,0
MCHP,2016-06-30,1,1,0,1,1,0,0,0,1
MCHP,2016-09-30,1,1,0,1,1,0,0,0,1
MCHP,2016-12-31,1,1,0,1,1,0,0,0,1
MCHP,2017-03-31,1,1,0,1,0,0,0,0,1
MCHP,2017-06-30,1,1,1,1,0,1,0,1,0
MCHP,2017-09-30,1,1,1,1,0,1,0,1,1
MCHP,2017-12-31,1,1,1,1,0,1,0,1,0
MCHP,2018-03-31,1,1,1,1,1,0,0,1,0
MCHP,2018-06-30,1,1,0,1,0,0,0,1,1
MCHP,2018-09-30,1,1,0,1,0,0,0,0,1
MCHP,2018-12-31,1,1,1,1,0,0,0,0,1
MCHP,2019-03-31,1,1,1,1,0,0,0,0,1
MCHP,2019-06-30,1,1,1,1,1,0,0,0,0
MCHP,2019-09-30,1,1,1,1,1,0,0,1,0
MDLZ,2011-06-30,1,1,0,1,1,0,0,0,0
MDLZ,2011-09-30,1,1,0,1,1,0,0,0,0
MDLZ,2011-12-31,1,1,0,1,1,0,0,0,0
MDLZ,2012-03-31,1,1,1,1,1,1,0,0,1
MDLZ,2012-06-30,1,1,1,1,0,1,0,0,0
MDLZ,2012-09-30,1,1,1,1,0,1,0,1,0
MDLZ,2012-12-31,1,1,0,1,1,1,0,1,0
MDLZ,2013-03-31,1,1,0,1,1,1,0,1,0
MDLZ,2013-06-30,1,1,0,1,1,0,0,1,0
MDLZ,2013-09-30,1,1,0,1,1,0,0,1,0
MDLZ,2013-12-31,1,1,1,1,0,0,1,0,1
MDLZ,2014-03-31,1,1,1,1,0,0,1,0,1
MDLZ,2014-06-30,1,1,1,1,0,0,1,0,1
MDLZ,2014-09-30,1,1,1,1,0,0,1,0,1
MDLZ,2014-12-31,1,1,0,1,1,0,1,0,1
MDLZ,2015-03-31,1,1,0,1,1,0,1,0,0
MDLZ,2015-06-30,1,1,0,1,1,0,1,1,0
MDLZ,2015-09-30,1,1,1,0,0,1,1,1,0
MDLZ,2015-12-31,1,1,1,0,0,0,1,1,0
MDLZ,2016-03-31,1,1,1,0,0,0,1,1,0
MDLZ,2016-06-30,1,1,1,0,0,0,1,1,0
MDLZ,2016-09-30,1,1,0,1,0,0,0,1,0
MDLZ,2016-12-31,1,1,0,1,1,0,1,1,0
MDLZ,2017-03-31,1,1,0,1,1,0,0,0,0
MDLZ,2017-06-30,1,1,0,1,0,0,1,0,0
MDLZ,2017-09-30,1,1,1,1,0,0,1,0,1
MDLZ,2017-12-31,1,1,1,0,1,0,1,0,1
MDLZ,2018-03-31,1,1,1,1,0,0,1,1,1
MDLZ,2018-06-30,1,1,1,1,0,1,1,1,1
MDLZ,2018-09-30,1,1,1,1,0,1,1,1,1
MDLZ,2018-12-31,1,1,1,1,1,0,1,1,0
MDLZ,2019-03-31,1,1,1,1,1,0,1,0,0
MDLZ,2019-06-30,1,1,1,0,1,0,1,0,0
MDLZ,2019-09-30,1,1,1,0,1,0,1,0,0
MDLZ,2019-12-31,1,1,1,1,0,1,1,1,1
MDLZ,2020-03-31,1,1,1,1,0,1,1,0,1
MELI,2014-06-30,1,1,0,1,0,1,0,0,0
MELI,2014-09-30,1,1,0,1,0,1,0,0,0
MELI,2014-12-31,1,1,0,1,0,1,0,0,0
MELI,2015-03-31,1,1,0,1,0,1,0,0,1
MELI,2015-06-30,1,1,0,1,1,0,0,0,0
MELI,2015-09-30,1,1,0,1,1,0,0,0,0
MELI,2015-12-31,1,1,0,1,1,0,0,0,0
MELI,2016-03-31,1,1,1,1,1,0,0,0,0
MELI,2016-06-30,1,1,1,1,1,1,0,0,1
MELI,2016-09-30,1,1,1,1,1,0,0,0,1
MELI,2016-12-31,1,1,1,1,1,0,0,0,1
MELI,2017-03-31,1,1,0,1,1,0,0,0,1
MELI,2019-12-31,0,1,0,1,1,1,0,0,1
MELI,2020-03-31,0,1,0,1,1,0,0,0,0
MSFT,2011-06-30,1,1,0,1,0,1,1,0,0
MSFT,2011-09-30,1,1,0,1,0,1,1,0,0
MSFT,2011-12-31,1,1,0,1,0,1,1,0,0
MSFT,2012-03-31,1,1,0,1,1,1,1,0,0
MSFT,2012-06-30,1,1,0,1,1,0,1,0,0
MSFT,2012-09-30,1,1,0,1,1,0,0,0,0
MSFT,2012-12-31,1,1,0,1,1,0,1,0,0
MSFT,2013-03-31,1,1,0,1,1,0,1,0,0
MSFT,2013-06-30,1,1,1,1,0,1,1,0,0
MSFT,2013-09-30,1,1,1,1,0,1,1,0,0
MSFT,2013-12-31,1,1,1,1,0,1,1,0,0
MSFT,2014-03-31,1,1,1,1,0,1,1,0,0
MSFT,2014-06-30,1,1,0,1,0,0,1,0,0
MSFT,2014-09-30,1,1,0,1,0,0,1,0,0
MSFT,2014-12-31,1,1,0,1,1,0,1,0,0
MSFT,2015-03-31,1,1,0,1,0,0,1,0,0
MSFT,2015-06-30,1,1,0,1,0,0,1,0,0
MSFT,2015-09-30,1,1,0,1,0,0,1,0,0
MSFT,2015-12-31,1,1,0,1,0,1,1,0,0
MSFT,2016-03-31,1,1,0,1,0,0,1,0,0
MSFT,2016-06-30,1,1,1,1,0,0,1,0,0
MSFT,2016-09-30,1,1,1,1,0,1,1,0,0
MSFT,2016-12-31,1,1,1,1,0,0,1,0,0
MSFT,2017-03-31,1,1,1,1,0,0,1,0,0
MSFT,2017-06-30,1,1,1,1,0,1,1,1,0
MSFT,2017-09-30,1,1,1,1,0,1,1,1,0
MSFT,2017-12-31,1,1,0,1,0,1,1,1,0
MSFT,2018-03-31,1,1,0,1,1,1,1,1,0
MSFT,2018-06-30,1,1,0,1,1,1,1,1,0
MSFT,2018-09-30,1,1,0,1,1,0,1,1,1
MSFT,2018-12-31,1,1,1,1,1,1,1,1,1
MSFT,2019-03-31,1,1,1,1,1,0,1,1,1
MSFT,2019-06-30,1,1,1,1,1,0,1,1,1
MSFT,2019-09-30,1,1,1,1,1,0,1,1,1
MSFT,2019-12-31,1,1,1,1,1,0,1,1,1
MSFT,2020-03-31,1,1,1,1,1,0,1,1,1
MU,2011-06-02,1,1,0,1,1,1,0,0,1
MU,2011-09-01,1,1,0,1,1,1,1,0,0
MU,2011-12-01,0,1,0,1,0,1,0,0,0
MU,2012-03-01,0,1,0,1,0,1,0,0,0
MU,2012-05-31,0,1,0,1,0,1,1,0,0
MU,2012-08-30,0,1,0,1,0,1,0,0,0
MU,2012-11-29,0,1,0,1,0,0,0,0,0
MU,2013-02-28,0,1,0,1,0,0,0,0,0
MU,2013-05-30,0,1,1,1,0,0,0,1,0
MU,2013-08-29,1,1,1,1,0,0,0,1,1
MU,2013-11-28,1,1,1,1,0,0,0,1,1
MU,2014-02-27,1,1,1,1,0,0,0,1,1
MU,2014-05-29,1,1,1,1,1,0,0,1,1
MU,2014-08-28,1,1,1,1,1,0,0,1,1
MU,2014-12-04,1,1,1,1,1,1,0,1,1
MU,2015-03-05,1,1,0,1,0,1,0,1,0
MU,2015-06-04,1,1,0,1,0,1,0,1,0
MU,2015-09-03,1,1,0,1,0,1,0,0,0
MU,2015-12-03,1,1,0,1,0,0,1,0,0
MU,2016-03-03,1,1,0,1,0,0,1,0,0
MU,2016-06-02,1,1,0,1,0,1,1,0,0
MU,2016-09-01,0,1,0,1,0,0,1,0,0
MU,2016-12-01,0,1,0,1,0,0,0,0,0
MU,2017-03-02,1,1,0,1,0,0,0,0,1
MU,2017-06-01,1,1,1,1,1,0,0,1,1
MU,2017-08-31,1,1,1,1,1,1,0,1,1
MU,2017-11-30,1,1,1,1,1,1,0,1,1
MU,2018-03-01,1,1,1,1,1,1,0,1,1
MU,2018-05-31,1,1,1,1,1,1,0,1,1
MU,2018-08-30,1,1,1,1,1,1,0,1,1
MU,2018-11-29,1,1,1,1,1,1,1,1,1
MU,2019-02-28,1,1,1,1,1,0,1,1,0
MU,2019-05-30,1,1,0,1,1,1,1,0,0
MU,2019-08-29,1,1,0,1,0,0,1,0,0
MU,2019-11-28,1,1,0,1,0,0,1,0,0
MU,2020-02-27,1,1,0,1,0,1,1,0,0
MXIM,2011-06-25,1,1,1,1,1,1,1,1,1
MXIM,2011-09-24,1,1,1,1,1,0,1,1,1
MXIM,2011-12-31,1,1,1,1,1,0,1,1,0
MXIM,2012-03-31,1,1,0,1,1,0,1,0,0
MXIM,2012-06-30,1,1,0,1,1,0,1,0,0
MXIM,2012-09-29,1,1,0,1,1,0,1,0,0
MXIM,2012-12-29,1,1,0,1,1,0,1,0,0
MXIM,2013-03-30,1,1,1,1,0,0,1,1,0
MXIM,2013-06-29,1,1,1,1,0,1,1,1,0
MXIM,2013-09-28,1,1,1,1,0,1,1,1,0
MXIM,2013-12-28,1,1,1,1,0,1,1,0,0
MXIM,2014-03-29,1,1,0,1,0,1,1,0,0
MXIM,2014-06-28,1,1,0,1,0,1,1,0,0
MXIM,2014-09-27,1,1,0,1,0,1,1,0,1
MXIM,2014-12-27,1,1,0,1,1,1,1,0,0
MXIM,2015-03-28,1,1,0,1,1,1,0,0,0
MXIM,2015-06-27,1,1,0,1,1,1,0,0,0
MXIM,2015-09-26,1,1,0,1,0,1,0,0,0
MXIM,2015-12-26,1,1,0,1,0,1,0,0,0
MXIM,2016-03-26,1,1,1,1,0,1,0,0,0
MXIM,2016-06-25,1,1,1,1,0,0,0,1,0
MXIM,2016-09-24,1,1,1,1,0,0,1,1,1
MXIM,2016-12-24,1,1,1,1,1,1,1,1,1
MXIM,2017-03-25,1,1,1,1,1,1,1,1,1
MXIM,2017-06-24,1,1,1,1,0,1,1,1,1
MXIM,2017-09-23,1,1,1,1,0,1,1,1,0
MXIM,2017-12-30,1,1,0,1,1,0,1,1,1
MXIM,2018-03-31,1,1,0,1,1,0,1,1,1
MXIM,2018-06-30,1,1,0,1,1,0,1,1,1
MXIM,2018-09-29,1,1,0,1,1,0,1,1,1
MXIM,2018-12-29,1,1,1,1,1,1,1,1,0
MXIM,2019-03-30,1,1,1,1,0,1,1,0,0
MXIM,2019-06-29,1,1,1,1,0,1,1,0,0
MXIM,2019-09-28,1,1,1,1,0,1,1,0,0
MXIM,2019-12-28,1,1,1,1,0,1,1,0,1
MXIM,2020-03-28,1,1,1,1,0,0,1,0,1
NFLX,2011-06-30,1,1,1,1,1,0,1,0,1
NFLX,2011-09-30,1,1,1,1,1,0,0,0,0
NFLX,2011-12-31,1,1,0,1,0,0,0,0,1
NFLX,2012-03-31,1,1,0,1,0,0,0,0,0
NFLX,2012-06-30,1,1,0,1,0,1,0,0,0
NFLX,2012-09-30,1,1,0,1,0,1,0,0,0
NFLX,2012-12-31,1,1,0,1,1,0,0,0,0
NFLX,2013-03-31,1,0,0,0,0,1,0,0,0
NFLX,2013-06-30,1,1,0,0,0,1,0,0,0
NFLX,2013-09-30,1,1,0,0,0,1,0,0,0
NFLX,2013-12-31,1,1,1,0,0,1,0,1,0
NFLX,2014-03-31,1,1,1,0,0,1,0,1,0
NFLX,2014-06-30,1,1,1,0,0,1,0,1,0
NFLX,2014-09-30,1,1,1,0,0,1,0,1,0
NFLX,2014-12-31,1,1,1,0,0,1,0,1,0
NFLX,2015-03-31,1,0,1,0,0,1,0,0,0
NFLX,2015-06-30,1,0,0,0,0,1,0,0,0
NFLX,2015-09-30,1,0,0,0,0,1,0,1,0
NFLX,2015-12-31,1,0,0,0,0,1,0,1,0
NFLX,2016-03-31,1,0,0,0,1,0,0,0,0
NFLX,2016-06-30,1,0,0,0,1,0,0,0,0
NFLX,2016-09-30,1,0,0,0,1,0,0,0,0
NFLX,2016-12-31,1,0,1,0,0,0,0,0,0
NFLX,2017-03-31,1,0,1,0,0,0,0,1,1
NFLX,2017-06-30,1,0,1,0,0,0,0,1,1
NFLX,2017-09-30,1,0,1,0,0,1,0,1,1
NFLX,2017-12-31,1,0,1,0,0,1,0,1,0
NFLX,2018-03-31,1,0,1,0,0,1,0,1,1
NFLX,2018-06-30,1,0,1,0,0,1,0,1,0
NFLX,2018-09-30,1,0,1,0,0,1,0,1,0
NFLX,2018-12-31,1,0,1,0,0,1,0,1,0
NFLX,2019-03-31,1,0,1,0,0,0,0,1,0
NFLX,2019-06-30,1,0,0,0,0,0,0,0,0
NFLX,2019-09-30,1,0,0,0,0,0,0,0,0
NFLX,2019-12-31,1,0,1,0,0,0,0,1,0
NFLX,2020-03-31,1,0,1,0,0,1,0,1,0
NTAP,2012-10-26,1,1,0,1,1,0,1,1,0
NTAP,2013-01-25,1,1,0,1,1,0,1,1,0
NTAP,2013-04-26,1,1,0,1,0,1,1,0,0
NTAP,2013-07-26,1,1,0,1,0,1,1,1,0
NTAP,2013-10-25,1,1,1,1,0,1,1,1,0
NTAP,2014-01-24,1,1,0,1,1,1,1,1,0
NTAP,2014-04-25,1,1,1,1,0,1,1,1,0
NTAP,2014-07-25,1,1,1,1,0,1,1,1,1
NTAP,2014-10-24,1,1,1,1,0,0,1,1,1
NTAP,2015-01-23,1,1,1,1,0,1,1,1,1
NTAP,2015-04-24,1,1,1,1,0,1,1,1,1
NTAP,2015-07-31,1,1,0,1,1,0,1,0,0
NTAP,2015-10-30,1,1,0,1,0,0,1,0,0
NTAP,2016-01-29,1,1,0,1,0,0,1,0,0
NTAP,2016-04-29,1,1,0,1,0,0,1,0,0
NTAP,2016-07-29,1,1,0,1,0,0,1,0,1
NTAP,2016-10-28,1,1,0,1,0,0,1,0,0
NTAP,2017-01-27,1,1,0,1,1,0,1,0,0
NTAP,2017-04-28,1,1,1,1,1,0,1,1,0
NTAP,2017-07-28,1,1,1,1,1,0,1,1,0
NTAP,2017-10-27,1,1,1,1,1,0,1,1,1
NTAP,2018-01-26,0,1,0,1,0,1,1,1,1
NTAP,2018-04-27,1,1,0,1,0,1,1,1,1
NTAP,2018-07-27,1,1,0,1,0,1,1,1,0
NTAP,2018-10-26,1,1,0,1,1,0,1,1,0
NTAP,2019-01-25,1,1,1,1,1,0,1,1,0
NTAP,2019-04-26,1,1,1,1,1,0,1,1,1
NTAP,2019-07-26,1,1,1,1,1,0,1,1,1
NTAP,2019-10-25,1,1,1,1,0,0,1,1,1
NVDA,2011-07-31,1,1,1,1,1,1,0,1,0
NVDA,2011-10-30,1,1,1,1,1,1,0,1,0
NVDA,2012-01-29,1,1,1,1,1,1,0,1,0
NVDA,2012-04-29,1,1,1,1,1,1,0,1,0
NVDA,2012-07-29,1,1,0,1,1,1,0,1,0
NVDA,2012-10-28,1,1,0,1,1,1,0,1,0
NVDA,2013-01-27,1,1,0,1,1,1,0,1,0
NVDA,2013-04-28,1,1,0,1,1,1,0,1,0
NVDA,2013-07-28,1,1,0,1,1,1,1,1,0
NVDA,2013-10-27,1,1,0,1,1,0,1,1,0
NVDA,2014-01-26,1,1,0,1,1,1,1,1,0
NVDA,2014-04-27,1,1,0,1,1,1,1,1,0
NVDA,2014-07-27,1,1,1,1,1,1,1,1,1
NVDA,2014-10-26,1,1,1,1,1,1,1,1,1
NVDA,2015-01-25,1,1,1,1,1,1,1,1,1
NVDA,2015-04-26,1,1,1,1,1,1,1,1,1
NVDA,2015-07-26,1,1,0,1,1,0,1,1,0
NVDA,2015-10-25,1,1,0,1,1,1,1,1,0
NVDA,2016-01-31,1,1,0,1,1,0,1,1,1
NVDA,2016-05-01,1,1,1,1,1,0,1,1,1
NVDA,2016-07-31,1,1,1,1,1,0,1,1,1
NVDA,2016-10-30,1,1,1,1,1,0,1,1,1
NVDA,2017-01-29,1,1,1,1,1,1,1,1,1
NVDA,2017-04-30,1,1,1,0,1,1,0,1,1
NVDA,2017-07-30,1,1,1,0,1,1,0,1,1
NVDA,2017-10-29,1,1,1,1,1,1,0,1,1
NVDA,2018-01-28,1,1,1,1,0,1,0,1,1
NVDA,2018-04-29,1,1,1,1,0,1,0,1,1
NVDA,2018-07-29,1,1,1,1,0,0,0,1,1
NVDA,2018-10-28,1,1,1,0,0,0,0,1,1
NVDA,2019-01-27,1,1,1,0,1,0,0,1,1
NVDA,2019-04-28,1,1,0,0,1,1,0,0,0
NVDA,2019-07-28,1,1,0,1,1,1,0,0,0
NVDA,2019-10-27,1,1,0,1,1,1,0,0,0
NXPI,2017-12-31,1,1,0,0,1,0,0,0,0
NXPI,2018-07-01,1,1,0,0,0,0,0,0,1
NXPI,2018-09-30,1,1,0,1,0,0,0,0,1
NXPI,2018-12-31,1,1,0,1,0,1,0,0,1
NXPI,2019-03-31,1,1,0,1,0,1,1,0,1
NXPI,2019-06-30,1,1,1,1,0,1,1,0,1
NXPI,2019-09-29,1,1,1,1,0,1,1,0,1
NXPI,2019-12-31,1,1,1,1,0,1,1,1,1
NXPI,2020-03-29,1,1,1,1,0,0,1,1,1
ORLY,2012-12-31,1,1,1,1,0,0,1,1,0
ORLY,2013-03-31,1,1,0,1,0,0,1,1,0
ORLY,2013-06-30,1,1,1,1,0,0,1,1,0
ORLY,2013-09-30,1,1,1,1,0,0,1,1,0
ORLY,2013-12-31,1,1,1,1,0,0,1,1,1
ORLY,2014-03-31,1,1,1,1,0,1,1,1,1
ORLY,2014-06-30,1,1,1,1,1,0,1,1,1
ORLY,2014-09-30,1,1,1,1,1,0,1,1,1
ORLY,2014-12-31,1,1,1,1,1,0,1,1,1
ORLY,2015-03-31,1,1,1,1,1,0,1,1,0
ORLY,2015-06-30,1,1,1,1,1,0,1,1,1
ORLY,2015-09-30,1,1,1,1,1,0,1,1,1
ORLY,2015-12-31,1,1,1,1,1,0,1,1,1
ORLY,2016-03-31,1,1,1,1,0,1,1,1,1
ORLY,2016-06-30,1,1,1,1,0,0,1,1,1
ORLY,2016-09-30,1,1,1,1,0,1,1,1,1
ORLY,2016-12-31,1,1,1,1,0,0,1,1,1
ORLY,2017-03-31,1,1,0,1,1,0,1,1,0
ORLY,2017-06-30,1,1,0,1,0,0,1,1,0
ORLY,2017-09-30,1,1,0,1,0,0,1,1,0
ORLY,2017-12-31,1,1,1,1,0,0,1,1,0
ORLY,2018-03-31,1,1,1,1,0,1,1,1,1
ORLY,2018-06-30,1,1,1,1,0,0,1,0,1
ORLY,2018-09-30,1,1,1,1,0,0,1,1,1
ORLY,2018-12-31,1,1,1,1,0,0,1,1,1
ORLY,2019-03-31,1,1,1,1,1,0,1,1,0
ORLY,2019-06-30,1,1,1,1,0,0,1,1,0
ORLY,2019-09-30,1,1,0,1,1,0,1,1,1
ORLY,2019-12-31,1,1,0,1,1,0,1,1,1
ORLY,2020-03-31,1,1,0,1,0,1,1,1,0
PAYX,2020-02-29,1,1,0,1,1,1,1,0,0
PCAR,2011-06-30,1,1,1,1,1,0,0,1,1
PCAR,2011-09-30,1,1,1,1,1,0,0,1,1
PCAR,2011-12-31,1,1,1,1,1,0,1,0,1
PCAR,2012-03-31,1,1,1,1,1,0,1,0,1
PCAR,2012-06-30,1,1,1,1,1,0,1,0,1
PCAR,2012-09-30,1,1,1,1,1,1,1,0,1
PCAR,2012-12-31,1,1,0,1,1,1,1,1,0
PCAR,2013-03-31,1,1,0,1,0,1,1,1,0
PCAR,2013-06-30,1,1,0,1,0,0,1,1,0
PCAR,2013-09-30,1,1,0,1,0,1,1,1,0
PCAR,2013-12-31,1,1,0,1,0,0,1,1,0
PCAR,2014-03-31,1,1,1,1,0,1,0,0,1
PCAR,2014-06-30,1,1,1,1,0,1,0,0,1
PCAR,2014-09-30,1,1,1,1,1,1,0,0,0
PCAR,2014-12-31,1,1,1,1,1,1,0,0,0
PCAR,2015-03-31,1,1,1,1,0,1,0,0,0
PCAR,2015-06-30,1,1,1,1,0,0,0,0,0
PCAR,2015-09-30,1,1,1,1,0,1,0,0,0
PCAR,2015-12-31,1,1,1,1,0,1,1,1,1
PCAR,2016-03-31,1,1,0,1,1,0,1,1,1
PCAR,2016-06-30,1,1,0,1,1,0,1,1,1
PCAR,2016-09-30,1,1,0,1,1,0,1,1,1
PCAR,2016-12-31,1,1,0,1,0,1,1,0,0
PCAR,2017-03-31,1,1,1,1,0,1,0,0,0
PCAR,2017-06-30,1,1,1,1,1,1,0,0,0
PCAR,2017-09-30,1,1,1,1,1,1,0,0,1
PCAR,2017-12-31,1,1,1,1,1,0,0,0,1
PCAR,2018-03-31,1,1,1,1,1,1,0,0,1
PCAR,2018-06-30,1,1,1,1,1,1,0,1,1
PCAR,2018-09-30,1,1,1,1,1,1,1,1,1
PCAR,2018-12-31,1,1,1,1,1,0,1,1,1
PCAR,2019-03-31,1,1,1,1,1,0,1,1,1
PCAR,2019-06-30,1,1,1,1,1,1,1,1,1
PCAR,2019-09-30,1,1,1,1,1,1,1,1,1
PCAR,2019-12-31,1,1,1,1,0,1,0,1,1
PCAR,2020-03-31,1,1,0,1,0,1,0,0,0
PEP,2011-09-03,1,1,0,1,1,0,1,0,0
PEP,2011-12-31,1,1,0,1,1,0,1,0,0
PEP,2012-03-24,1,1,0,1,1,1,1,0,0
PEP,2012-06-16,1,1,0,1,1,0,1,0,0
PEP,2012-09-08,1,1,0,1,0,1,1,0,0
PEP,2012-12-29,1,1,0,1,0,1,1,0,0
PEP,2013-03-23,1,1,0,1,0,1,1,1,0
PEP,2013-06-15,1,1,1,1,0,1,1,1,1
PEP,2013-09-07,1,1,1,1,0,1,1,1,1
PEP,2013-12-28,1,1,1,1,1,1,1,1,0
PEP,2014-03-22,1,1,1,1,0,1,1,1,0
PEP,2014-06-14,1,1,0,1,0,1,1,1,0
PEP,2014-09-06,1,1,1,1,1,0,1,1,0
PEP,2014-12-27,1,1,0,1,1,0,1,1,0
PEP,2015-03-21,1,1,0,1,1,0,1,1,0
PEP,2015-06-13,1,1,0,1,1,0,1,1,0
PEP,2015-09-05,1,1,0,1,0,1,1,1,0
PEP,2015-12-26,1,1,0,1,0,1,1,1,1
PEP,2016-03-19,1,1,0,1,0,1,1,1,1
PEP,2016-06-11,1,1,0,1,0,1,1,1,1
PEP,2016-09-03,1,1,1,1,0,1,1,1,1
PEP,2016-12-31,1,1,1,1,0,0,1,1,1
PEP,2017-03-25,1,1,1,1,1,0,1,0,0
PEP,2017-06-17,1,1,1,1,1,0,1,0,1
PEP,2017-09-09,1,1,0,1,0,1,1,0,0
PEP,2017-12-30,1,1,0,1,0,1,1,0,0
PEP,2018-03-24,1,1,0,1,1,1,1,0,0
PEP,2018-06-16,1,1,0,1,1,0,1,0,0
PEP,2018-09-08,1,1,0,1,1,0,1,0,0
PEP,2018-12-29,1,1,1,0,1,0,1,0,0
PEP,2019-03-23,1,1,1,0,1,0,1,1,0
PEP,2019-06-15,1,1,1,0,1,0,1,1,0
PEP,2019-09-07,1,1,1,0,0,0,1,1,1
PEP,2019-12-28,1,1,0,1,0,0,1,1,1
PEP,2020-03-21,1,1,0,1,0,1,1,1,1
QCOM,2016-06-26,1,1,0,1,1,0,1,0,0
QCOM,2016-09-25,1,1,1,1,1,0,1,0,0
QCOM,2016-12-25,1,1,0,1,1,0,1,1,0
QCOM,2017-03-26,1,1,0,1,1,0,1,0,0
QCOM,2017-06-25,1,1,0,1,0,0,1,0,1
QCOM,2017-09-24,1,1,0,1,0,1,1,0,0
QCOM,2017-12-24,0,1,0,1,0,1,1,0,0
QCOM,2018-03-25,0,1,0,1,0,1,0,0,0
QCOM,2018-06-24,0,1,0,1,1,0,0,0,0
QCOM,2018-09-30,0,1,0,1,1,0,1,0,0
QCOM,2018-12-30,1,1,1,1,1,0,1,0,0
QCOM,2019-03-31,1,1,1,1,0,0,1,0,0
QCOM,2019-06-30,1,1,1,1,0,0,1,1,1
QCOM,2019-09-29,1,1,1,1,0,1,1,1,1
QCOM,2019-12-29,1,1,1,1,0,1,1,1,1
QCOM,2020-03-29,1,1,1,1,0,1,1,1,1
REGN,2011-12-31,0,0,0,1,0,1,0,0,0
REGN,2012-03-31,0,0,1,0,0,1,0,0,0
REGN,2012-12-31,1,0,1,0,1,1,0,0,1
REGN,2013-03-31,1,1,1,0,1,1,0,0,1
REGN,2013-06-30,1,1,1,0,1,1,0,0,1
REGN,2013-09-30,1,1,1,0,1,1,0,0,1
REGN,2013-12-31,1,1,0,1,1,0,0,1,0
REGN,2014-03-31,1,1,0,1,1,0,0,1,0
REGN,2014-06-30,1,1,0,1,1,0,0,1,0
REGN,2014-09-30,1,1,0,1,1,0,0,1,0
REGN,2014-12-31,1,1,0,1,1,0,0,1,0
REGN,2015-03-31,1,1,0,1,1,0,0,1,0
REGN,2015-06-30,1,1,0,1,1,0,0,0,0
REGN,2015-09-30,1,1,1,1,1,0,0,0,1
REGN,2020-03-31,1,1,0,0,1,0,0,0,0
ROST,2012-01-28,1,1,1,1,1,0,0,1,0
ROST,2012-04-28,1,1,1,1,1,0,0,1,1
ROST,2012-07-28,1,1,1,1,1,0,0,1,1
ROST,2012-10-27,1,1,1,1,1,0,0,1,1
ROST,2013-02-02,1,1,1,1,1,0,1,1,1
ROST,2013-05-04,1,1,1,1,1,0,1,1,0
ROST,2013-08-03,1,1,0,1,1,0,1,1,0
ROST,2013-11-02,1,1,1,1,1,0,1,1,0
ROST,2014-02-01,1,1,0,1,1,0,1,1,0
ROST,2014-05-03,1,1,0,1,1,0,1,0,0
ROST,2014-08-02,1,1,0,1,1,0,1,0,0
ROST,2014-11-01,1,1,0,1,0,0,1,0,0
ROST,2015-01-31,1,1,1,1,0,1,1,1,1
ROST,2015-05-02,1,1,1,1,0,1,1,1,1
ROST,2015-08-01,1,1,1,1,0,1,0,1,1
ROST,2015-10-31,1,1,0,1,1,1,0,1,0
ROST,2016-01-30,1,1,0,1,1,1,0,1,0
ROST,2016-04-30,1,1,0,1,1,1,0,0,0
ROST,2016-07-30,1,1,0,1,1,1,1,1,0
ROST,2016-10-29,1,1,1,1,1,1,1,1,1
ROST,2017-01-28,1,1,1,1,1,1,1,1,1
ROST,2017-04-29,1,1,1,1,1,1,1,1,1
ROST,2017-07-29,1,1,1,1,1,1,1,1,1
ROST,2017-10-28,1,1,1,1,1,1,1,1,0
ROST,2018-02-03,1,1,1,1,1,1,1,1,1
ROST,2018-05-05,1,1,1,1,1,1,1,1,1
ROST,2018-08-04,1,1,1,1,1,1,1,0,0
ROST,2018-11-03,1,1,1,1,1,1,1,0,0
ROST,2019-02-02,1,1,1,1,1,1,1,0,0
ROST,2019-05-04,1,1,1,1,1,0,1,0,0
ROST,2019-08-03,1,1,0,1,1,0,1,0,0
ROST,2019-11-02,1,1,0,1,1,0,1,0,1
ROST,2020-02-01,1,1,0,1,1,0,1,1,1
SBUX,2013-03-31,1,1,0,1,1,0,1,0,0
SBUX,2013-06-30,1,1,0,1,1,0,1,0,0
SBUX,2013-09-29,1,1,0,1,0,0,1,1,1
SBUX,2013-12-29,1,1,0,1,0,0,0,1,1
SBUX,2014-03-30,1,1,0,1,0,0,0,1,1
SBUX,2014-06-29,1,1,0,1,0,0,0,1,1
SBUX,2014-09-28,1,1,1,0,0,1,0,1,0
SBUX,2014-12-28,1,1,1,1,1,1,1,1,0
SBUX,2015-03-29,1,1,1,1,1,0,0,1,0
SBUX,2015-06-28,1,1,1,1,0,1,0,1,1
SBUX,2015-09-27,1,1,1,1,0,0,0,1,1
SBUX,2015-12-27,1,1,0,1,1,0,0,1,0
SBUX,2016-03-27,1,1,0,1,0,0,1,1,0
SBUX,2016-06-26,1,1,0,1,0,0,1,1,0
SBUX,2016-10-02,1,1,0,1,0,0,1,1,0
SBUX,2017-01-01,1,1,1,1,0,0,1,1,1
SBUX,2017-04-02,1,1,1,1,0,1,1,1,1
SBUX,2017-07-02,1,1,1,1,0,1,1,1,1
SBUX,2017-10-01,1,1,0,1,0,1,1,0,0
SBUX,2017-12-31,1,1,1,1,0,0,1,0,0
SBUX,2018-04-01,1,1,1,1,0,0,1,0,0
SBUX,2018-07-01,1,1,1,1,0,0,1,0,1
SBUX,2018-09-30,1,1,1,1,0,1,1,0,1
SBUX,2018-12-30,1,1,0,1,0,1,1,0,0
SBUX,2019-03-31,1,1,0,1,0,0,1,0,0
SBUX,2019-06-30,1,1,0,1,0,1,1,0,0
SBUX,2019-09-29,1,1,0,1,0,0,1,1,0
SBUX,2019-12-29,1,1,1,1,0,0,1,1,0
SBUX,2020-03-29,1,1,1,0,0,0,1,1,0
SGEN,2020-03-31,0,0,0,1,1,1,0,1,1
SIRI,2014-03-31,1,1,0,1,1,0,1,1,0
SIRI,2014-06-30,1,1,0,1,1,0,1,1,1
SIRI,2014-09-30,1,1,0,1,1,0,1,0,1
SIRI,2014-12-31,1,1,1,1,1,1,1,0,1
SIRI,2015-03-31,1,1,1,1,0,1,1,0,1
SIRI,2015-06-30,1,1,1,1,0,1,1,0,1
SIRI,2015-09-30,1,1,1,1,0,1,1,0,1
SIRI,2015-12-31,1,1,1,1,0,0,1,1,1
SIRI,2016-03-31,1,1,1,1,0,0,1,1,1
SIRI,2016-06-30,1,1,1,1,0,0,1,1,1
SIRI,2016-09-30,1,1,1,1,0,0,1,1,1
SIRI,2016-12-31,1,1,1,1,0,1,1,1,1
SIRI,2017-03-31,1,1,1,1,0,1,1,1,1
SIRI,2017-06-30,1,1,1,1,0,0,1,1,1
SIRI,2017-09-30,1,1,1,1,0,0,1,1,1
SIRI,2017-12-31,1,1,0,1,0,0,1,1,1
SIRI,2018-03-31,1,1,0,1,0,0,1,1,1
SIRI,2018-06-30,1,1,0,1,1,0,1,0,1
SIRI,2018-09-30,1,1,0,1,1,0,1,0,1
SIRI,2018-12-31,1,1,1,1,0,1,1,0,1
SIRI,2019-03-31,1,1,1,1,1,1,0,0,1
SIRI,2019-06-30,1,1,1,1,0,1,0,0,1
SIRI,2019-09-30,1,1,1,1,0,1,0,0,1
SIRI,2019-12-31,1,1,0,1,1,1,0,0,1
SIRI,2020-03-31,1,1,0,1,1,1,1,0,0
SNPS,2013-04-30,1,1,1,1,1,0,0,0,0
SNPS,2013-07-31,1,1,0,1,1,0,0,0,0
SNPS,2013-10-31,1,1,1,1,1,1,0,0,0
SNPS,2014-01-31,1,1,1,1,1,1,0,1,0
SNPS,2014-04-30,1,1,0,1,1,0,0,0,0
SNPS,2014-07-31,1,1,1,1,1,0,0,1,0
SNPS,2014-10-31,1,1,0,1,1,0,0,1,0
SNPS,2015-01-31,1,1,1,1,1,0,0,1,1
SNPS,2015-04-30,1,1,0,1,1,1,0,1,0
SNPS,2015-07-31,1,1,0,1,1,1,0,0,1
SNPS,2018-01-31,1,1,0,1,1,0,1,0,1
SNPS,2018-04-30,1,1,0,1,1,0,1,0,1
SNPS,2018-07-31,1,1,0,1,1,0,1,1,1
SNPS,2018-10-31,1,1,1,0,1,0,1,1,1
SNPS,2019-01-31,1,1,1,0,1,1,1,1,1
SNPS,2019-04-30,1,1,1,1,1,1,0,1,1
SNPS,2019-07-31,1,1,1,1,1,1,0,1,1
SNPS,2019-10-31,1,1,1,1,1,1,0,1,0
SNPS,2020-01-31,1,1,0,1,1,1,0,1,0
SPLK,2019-10-31,0,0,1,1,1,0,0,1,0
SPLK,2020-01-31,0,0,1,1,1,0,0,1,0
TMUS,2011-06-30,1,1,0,1,0,1,0,1,0
TMUS,2011-09-30,1,1,0,1,1,1,0,1,0
TMUS,2011-12-31,1,1,1,1,0,1,0,1,0
TMUS,2012-03-31,1,1,0,1,1,1,0,0,0
TMUS,2012-06-30,1,1,1,1,1,1,0,1,0
TMUS,2012-09-30,1,1,1,1,1,1,0,1,0
TMUS,2012-12-31,1,1,1,1,1,1,0,1,0
TMUS,2013-03-31,1,1,1,1,0,0,0,1,0
TMUS,2013-06-30,1,1,0,1,1,0,0,1,1
TMUS,2013-09-30,1,1,0,1,1,0,0,0,1
TMUS,2013-12-31,1,1,0,1,1,0,0,0,1
TMUS,2014-03-31,0,1,0,1,1,0,0,0,1
TMUS,2014-06-30,1,1,0,1,1,1,0,0,0
TMUS,2014-09-30,1,1,0,1,0,1,0,0,0
TMUS,2014-12-31,1,1,1,1,1,0,0,0,0
TMUS,2015-03-31,1,1,1,1,1,0,0,0,0
TMUS,2015-06-30,1,1,1,1,1,1,0,0,0
TMUS,2015-09-30,1,1,1,1,1,0,0,0,0
TMUS,2015-12-31,1,1,1,1,0,0,0,1,0
TMUS,2016-03-31,1,1,1,1,0,1,0,1,0
TMUS,2016-06-30,1,1,1,1,0,1,0,1,0
TMUS,2016-09-30,1,1,1,1,0,1,0,1,1
TMUS,2016-12-31,1,1,1,1,1,1,0,1,1
TMUS,2017-03-31,1,1,1,1,1,0,0,0,1
TMUS,2017-06-30,1,1,1,1,1,0,0,0,1
TMUS,2017-09-30,1,1,1,1,1,0,0,0,1
TMUS,2017-12-31,1,1,1,1,1,0,0,1,1
TMUS,2018-03-31,1,1,1,1,1,0,0,1,1
TMUS,2018-06-30,1,1,1,1,1,0,0,1,1
TMUS,2018-09-30,1,1,1,1,1,0,0,1,1
TMUS,2018-12-31,1,1,0,1,1,1,0,1,0
TMUS,2019-03-31,1,1,0,1,1,0,1,1,1
TMUS,2019-06-30,1,1,0,1,1,0,0,1,1
TMUS,2019-09-30,1,1,0,1,1,0,0,1,1
TMUS,2019-12-31,1,1,1,1,1,0,0,0,0
TSLA,2011-12-31,0,0,1,1,0,0,0,1,0
TSLA,2012-03-31,0,0,0,1,0,0,0,0,0
TSLA,2012-12-31,0,0,1,1,0,0,0,0,0
TSLA,2013-03-31,0,0,1,1,1,0,0,0,1
TSLA,2013-06-30,0,0,1,1,1,1,0,0,1
TSLA,2013-09-30,0,1,1,1,1,1,0,1,1
TSLA,2014-03-31,0,1,1,1,0,1,0,1,1
TSLA,2014-06-30,0,1,1,1,1,0,0,1,0
TSLA,2014-09-30,0,1,1,1,1,1,0,1,0
TSLA,2015-03-31,0,0,1,1,1,0,0,1,0
TSLA,2015-06-30,0,0,0,1,1,0,0,1,0
TSLA,2015-09-30,0,0,0,1,1,0,0,0,0
TSLA,2015-12-31,0,0,0,1,0,0,0,0,0
TSLA,2016-03-31,0,0,0,1,0,0,0,0,0
TSLA,2016-06-30,0,0,0,1,0,1,0,0,0
TSLA,2016-09-30,0,1,1,1,0,1,0,0,1
TSLA,2016-12-31,0,0,1,1,0,1,0,1,1
TSLA,2017-03-31,0,1,1,1,0,1,0,1,1
TSLA,2017-06-30,0,0,1,1,0,0,0,1,1
TSLA,2017-09-30,0,0,1,1,0,0,0,0,1
TSLA,2017-12-31,0,0,0,1,1,0,0,0,0
TSLA,2018-03-31,0,0,0,1,1,0,0,0,0
TSLA,2018-06-30,0,0,0,1,1,0,0,0,0
TSLA,2018-09-30,0,1,1,1,1,0,0,0,0
TSLA,2018-12-31,0,1,1,1,1,0,0,0,1
TSLA,2019-12-31,0,1,1,1,1,1,0,0,1
TTWO,2011-06-30,1,1,1,0,0,1,1,1,0
TTWO,2012-06-30,0,0,0,1,0,1,0,0,0
TTWO,2012-09-30,0,0,0,1,0,1,0,0,0
TTWO,2012-12-31,0,1,0,1,1,0,0,0,1
TTWO,2013-03-31,0,0,1,1,1,0,0,1,1
TTWO,2013-06-30,1,1,1,1,0,0,0,1,1
TTWO,2013-09-30,0,1,1,1,1,0,0,1,0
TTWO,2013-12-31,1,1,1,1,1,0,0,1,1
TTWO,2014-03-31,1,1,1,1,1,1,0,0,1
TTWO,2014-06-30,1,1,1,1,1,1,1,0,1
TTWO,2014-09-30,1,1,1,0,1,1,1,0,0
TTWO,2014-12-31,0,1,0,1,1,1,1,1,0
TTWO,2015-03-31,0,1,0,1,0,0,1,0,0
TTWO,2015-06-30,0,1,0,1,1,0,0,0,0
TTWO,2015-09-30,0,1,0,1,1,0,0,0,1
TTWO,2015-12-31,0,1,0,1,1,0,0,0,1
TTWO,2016-03-31,0,1,1,1,1,0,0,1,1
TTWO,2016-06-30,1,1,1,1,1,0,0,1,0
TTWO,2016-09-30,1,1,1,1,1,0,0,1,0
TTWO,2016-12-31,1,1,1,1,1,0,0,1,1
TTWO,2017-03-31,1,1,1,1,1,0,0,1,1
TTWO,2017-06-30,1,1,1,1,1,0,0,1,1
TTWO,2017-09-30,1,1,1,1,1,0,0,1,1
TTWO,2017-12-31,1,1,1,1,1,0,0,1,1
TTWO,2018-03-31,1,1,1,1,1,1,0,1,0
TTWO,2018-06-30,1,1,0,1,1,1,0,1,0
TTWO,2019-06-30,1,1,1,1,0,0,1,0,1
TXN,2012-06-30,1,1,0,1,1,0,1,0,0
TXN,2012-09-30,1,1,0,1,1,1,1,0,0
TXN,2012-12-31,1,1,0,1,1,1,1,1,0
TXN,2013-03-31,1,1,0,1,1,1,1,1,0
TXN,2013-06-30,1,1,1,1,0,1,1,1,0
TXN,2013-09-30,1,1,1,1,0,1,1,1,0
TXN,2013-12-31,1,1,1,1,0,1,1,1,0
TXN,2014-03-31,1,1,1,1,0,1,1,1,0
TXN,2014-06-30,1,1,1,1,0,1,1,1,1
TXN,2014-09-30,1,1,1,1,1,0,1,1,1
TXN,2014-12-31,1,1,1,1,1,0,1,1,1
TXN,2015-03-31,1,1,1,1,1,0,1,1,1
TXN,2015-06-30,1,1,1,1,1,0,1,1,1
TXN,2015-09-30,1,1,1,1,1,0,1,1,1
TXN,2015-12-31,1,1,1,1,1,0,1,1,1
TXN,2016-03-31,1,1,1,1,1,0,1,1,1
TXN,2016-06-30,1,1,1,1,0,1,1,1,0
TXN,2016-09-30,1,1,1,1,0,1,1,1,1
TXN,2016-12-31,1,1,1,1,0,1,1,1,1
TXN,2017-03-31,1,1,1,1,0,1,1,1,1
TXN,2017-06-30,1,1,1,1,0,1,1,1,1
TXN,2017-09-30,1,1,1,1,0,1,1,1,1
TXN,2017-12-31,1,1,1,1,0,1,1,1,1
TXN,2018-03-31,1,1,1,1,0,1,1,1,1
TXN,2018-06-30,1,1,0,1,0,1,1,1,1
TXN,2018-09-30,1,1,0,1,0,1,1,1,1
TXN,2018-12-31,1,1,1,1,0,0,1,1,0
TXN,2019-03-31,1,1,1,1,0,0,1,1,0
TXN,2019-06-30,1,1,1,1,1,0,1,0,0
TXN,2019-09-30,1,1,1,1,0,1,1,0,0
TXN,2019-12-31,1,1,0,1,0,1,1,0,0
TXN,2020-03-31,1,1,0,1,0,0,1,0,0
UAL,2012-06-30,1,1,0,1,1,0,0,0,0
UAL,2012-09-30,0,1,0,1,1,0,0,0,0
UAL,2012-12-31,0,1,0,1,0,0,0,0,1
UAL,2013-03-31,0,1,0,1,0,0,0,0,1
UAL,2013-06-30,0,1,0,1,0,0,0,0,1
UAL,2013-09-30,0,1,1,1,0,0,0,0,1
UAL,2013-12-31,1,1,1,1,1,0,0,0,1
UAL,2014-03-31,1,1,1,1,0,0,0,0,1
UAL,2014-06-30,1,1,1,1,0,0,0,0,1
UAL,2014-09-30,1,1,1,1,1,0,0,0,1
UAL,2014-12-31,1,1,1,1,1,0,0,0,1
UAL,2015-03-31,1,1,1,1,1,1,0,0,1
UAL,2015-06-30,1,1,1,1,1,0,0,0,0
UAL,2015-09-30,1,1,1,0,1,1,0,0,0
UAL,2015-12-31,1,1,1,0,1,0,0,0,0
UAL,2016-03-31,1,1,1,0,1,0,1,0,0
UAL,2016-06-30,1,1,1,0,1,0,1,0,0
UAL,2016-09-30,1,1,0,1,1,0,1,0,0
UAL,2016-12-31,1,1,0,1,0,0,1,0,0
UAL,2017-03-31,1,1,0,1,0,1,1,0,0
UAL,2017-06-30,1,1,0,1,0,1,1,0,0
UAL,2017-09-30,1,1,0,1,0,1,1,0,1
UAL,2017-12-31,1,1,0,1,0,0,1,0,1
UAL,2018-03-31,1,1,1,1,0,0,1,0,1
UAL,2018-06-30,1,1,0,1,0,1,1,0,1
UAL,2018-09-30,1,1,1,1,0,1,1,0,1
UAL,2018-12-31,1,1,0,1,1,0,1,0,1
UAL,2019-03-31,1,1,0,1,1,0,1,0,1
UAL,2019-06-30,1,1,1,1,1,0,1,0,1
UAL,2019-09-30,1,1,1,1,1,0,1,0,1
UAL,2019-12-31,1,1,1,1,1,1,1,0,0
UAL,2020-03-31,1,1,0,1,1,0,1,0,0
ULTA,2014-11-01,1,1,0,1,1,1,0,0,0
ULTA,2015-01-31,1,1,1,1,1,0,0,0,0
ULTA,2015-05-02,1,1,1,1,1,0,1,1,0
ULTA,2015-08-01,1,1,0,1,1,0,1,0,0
ULTA,2015-10-31,1,1,0,1,1,0,1,0,0
ULTA,2016-01-30,1,1,1,1,1,0,1,1,0
ULTA,2016-04-30,1,1,1,1,1,0,1,1,0
ULTA,2016-07-30,1,1,1,1,1,0,1,1,1
ULTA,2016-10-29,1,1,1,1,1,0,1,1,1
ULTA,2017-01-28,1,1,1,1,0,0,1,1,1
ULTA,2017-04-29,1,1,1,1,1,1,1,1,1
ULTA,2017-07-29,1,1,1,1,1,0,1,1,1
ULTA,2017-10-28,1,1,1,1,1,0,1,0,1
ULTA,2018-02-03,1,1,1,1,1,0,1,0,1
ULTA,2018-05-05,1,1,1,1,1,0,1,0,0
ULTA,2018-08-04,1,1,1,1,1,0,1,0,1
ULTA,2018-11-03,1,1,1,1,1,0,1,0,1
ULTA,2019-02-02,1,1,1,1,1,0,1,1,1
ULTA,2019-05-04,1,1,1,1,0,0,1,1,1
ULTA,2019-08-03,1,1,0,1,0,0,1,1,0
ULTA,2019-11-02,1,1,0,1,0,0,1,1,0
ULTA,2020-02-01,1,1,0,1,0,0,1,1,1
VRSK,2014-03-31,1,1,0,1,1,1,1,1,0
VRSK,2014-06-30,1,1,0,1,1,1,1,1,0
VRSK,2014-09-30,1,1,1,1,1,1,1,1,0
VRSK,2014-12-31,1,1,1,1,1,0,1,0,1
VRSK,2015-03-31,1,1,0,1,1,0,1,0,1
VRSK,2015-06-30,1,1,1,1,0,0,1,0,1
VRSK,2015-09-30,1,1,1,1,0,0,1,0,1
VRSK,2015-12-31,1,1,1,1,0,0,1,1,1
VRSK,2016-03-31,1,1,1,1,0,0,0,1,1
VRSK,2016-06-30,1,1,0,1,1,1,0,1,0
VRSK,2016-09-30,1,1,0,0,1,1,0,1,0
VRSK,2016-12-31,1,1,0,0,1,1,0,1,0
VRSK,2017-03-31,1,1,0,0,0,1,1,1,0
VRSK,2017-06-30,1,1,0,1,0,0,1,1,1
VRSK,2017-09-30,1,1,0,1,0,0,1,0,1
VRSK,2017-12-31,1,1,1,1,1,0,1,0,1
VRSK,2018-03-31,1,1,1,1,1,0,1,0,1
VRSK,2018-06-30,1,1,1,1,1,0,1,0,1
VRSK,2018-09-30,1,1,1,1,1,1,1,0,0
VRSK,2018-12-31,1,1,0,1,1,1,1,0,0
VRSK,2019-03-31,1,1,0,1,0,1,1,1,0
VRSK,2019-06-30,1,1,0,1,0,1,1,1,0
VRSK,2019-09-30,1,1,0,1,0,1,1,1,1
VRSK,2019-12-31,1,1,0,1,0,1,1,0,1
VRSK,2020-03-31,1,1,0,1,0,0,1,0,1
VRSN,2011-06-30,1,1,1,0,0,1,1,1,1
VRSN,2011-09-30,1,1,0,1,0,0,1,1,1
VRSN,2011-12-31,1,1,0,1,1,0,1,1,1
VRSN,2012-03-31,1,1,0,1,1,0,1,1,1
VRSN,2012-06-30,1,1,0,1,1,0,1,1,1
VRSN,2012-09-30,1,1,1,1,1,0,1,1,1
VRSN,2012-12-31,1,1,1,1,0,1,1,1,1
VRSN,2013-03-31,1,1,1,1,1,0,1,1,1
VRSN,2016-03-31,1,1,1,1,1,1,1,1,1
VRSN,2016-06-30,1,1,1,1,1,1,1,1,0
VRSN,2016-09-30,1,1,1,1,0,1,1,1,0
VRSN,2017-03-31,1,1,1,1,0,0,1,1,1
VRSN,2017-06-30,1,1,1,1,0,0,1,1,1
VRSN,2017-09-30,1,1,1,1,0,1,1,1,1
VRSN,2018-03-31,1,1,1,1,0,1,1,1,1
VRSN,2018-06-30,1,1,1,1,0,1,0,1,1
VRSN,2018-09-30,1,1,0,1,1,0,0,1,0
VRSN,2019-03-31,1,1,1,1,0,0,0,1,0
VRSN,2019-06-30,1,1,1,1,0,1,0,1,1
VRSN,2019-09-30,1,1,1,1,0,0,0,1,1
VRSN,2020-03-31,1,1,1,0,0,0,1,1,1
VRTX,2013-12-31,0,0,0,1,0,1,0,1,0
VRTX,2014-03-31,0,0,1,1,0,0,0,1,0
VRTX,2014-06-30,0,0,1,1,0,0,0,1,0
VRTX,2014-09-30,0,0,1,1,0,1,0,1,0
VRTX,2014-12-31,0,0,0,1,1,1,0,1,0
VRTX,2015-03-31,0,0,0,1,0,1,0,0,0
VRTX,2015-06-30,0,0,0,1,1,0,0,0,0
VRTX,2015-09-30,0,0,0,1,1,0,0,0,1
VRTX,2015-12-31,0,0,1,1,0,0,0,0,1
VRTX,2016-03-31,0,0,1,1,1,0,0,0,1
VRTX,2016-06-30,0,0,1,1,1,0,0,0,1
VRTX,2016-09-30,0,1,1,1,1,0,0,0,1
VRTX,2016-12-31,0,1,1,1,1,0,0,0,1
VRTX,2017-03-31,1,1,1,1,1,1,0,1,1
VRTX,2017-06-30,1,1,1,1,1,1,0,1,1
VRTX,2017-09-30,1,1,1,1,1,1,0,1,1
VRTX,2017-12-31,1,1,1,1,1,1,0,1,1
VRTX,2018-03-31,1,1,1,1,1,0,0,0,1
VRTX,2018-06-30,1,1,1,1,1,1,0,0,0
VRTX,2018-09-30,1,1,1,1,1,1,0,0,1
VRTX,2018-12-31,1,1,1,0,1,1,0,0,1
VRTX,2019-03-31,1,1,1,0,0,1,0,0,1
VRTX,2019-06-30,1,1,1,0,0,1,0,0,0
VRTX,2019-09-30,1,1,1,0,0,0,0,0,0
VRTX,2019-12-31,1,1,0,1,0,1,0,1,0
VRTX,2020-03-31,1,1,0,1,0,0,0,1,0
WBA,2011-05-31,1,1,1,1,1,0,1,1,1
WBA,2011-08-31,1,1,1,1,1,0,1,1,1
WBA,2011-11-30,1,1,1,1,1,0,1,0,1
WBA,2012-02-29,1,1,1,1,1,0,1,0,1
WBA,2012-05-31,1,1,1,1,1,0,1,0,0
WBA,2012-08-31,1,1,0,1,0,0,1,1,0
WBA,2012-11-30,1,1,0,1,0,0,0,1,0
WBA,2013-02-28,1,1,0,1,0,0,0,1,0
WBA,2013-05-31,1,1,0,1,0,0,0,1,0
WBA,2013-08-31,1,1,0,1,1,1,0,1,0
WBA,2013-11-30,1,1,1,1,1,1,0,1,0
WBA,2014-02-28,1,1,1,1,1,1,0,0,0
WBA,2014-05-31,1,1,1,1,1,1,0,0,0
WBA,2014-08-31,1,1,0,1,1,1,0,0,0
WBA,2017-02-28,1,1,1,1,0,1,1,0,1
WBA,2017-05-31,1,1,1,1,0,1,1,0,1
WBA,2017-08-31,1,1,0,1,1,0,1,0,0
WBA,2017-11-30,1,1,0,1,1,0,1,0,0
WBA,2018-02-28,1,1,0,1,1,0,1,0,0
WBA,2018-05-31,1,1,0,1,1,0,1,0,0
WBA,2018-08-31,1,1,1,1,0,0,1,0,1
WBA,2018-11-30,1,1,1,1,1,0,1,0,1
WBA,2019-02-28,1,1,1,1,0,0,1,0,1
WBA,2019-05-31,1,1,1,1,1,0,1,0,1
WBA,2019-08-31,1,1,0,1,1,0,1,0,1
WBA,2019-11-30,1,1,0,1,1,0,1,0,0
WBA,2020-02-29,1,1,0,1,1,0,1,0,1
WDAY,2013-10-31,0,1,0,1,1,0,0,1,0
WDAY,2014-01-31,0,1,1,1,1,1,0,1,1
WDAY,2014-04-30,0,1,0,1,1,1,0,1,0
WDAY,2014-07-31,0,1,1,1,1,0,0,1,1
WDAY,2020-01-31,0,1,0,1,1,0,0,1,0
WDC,2014-06-27,1,1,1,1,0,1,1,1,0
WDC,2014-10-03,1,1,1,1,0,1,1,1,0
WDC,2015-01-02,1,1,1,1,0,1,1,1,0
WDC,2015-04-03,1,1,1,1,1,1,1,1,0
WDC,2015-07-03,1,1,0,1,1,1,1,1,0
WDC,2015-10-02,1,1,0,1,1,1,1,0,0
WDC,2016-01-01,1,1,0,1,1,1,1,0,0
WDC,2016-04-01,1,1,0,1,1,1,1,0,0
WDC,2016-07-01,1,1,0,1,0,0,0,0,0
WDC,2016-09-30,0,1,0,1,0,0,0,0,1
WDC,2016-12-30,0,1,0,1,0,0,0,0,1
WDC,2017-03-31,0,1,0,1,0,0,0,1,1
WDC,2017-06-30,1,1,0,1,1,1,0,1,0
WDC,2017-09-29,1,1,1,1,1,1,0,1,0
WDC,2017-12-29,1,1,1,1,1,1,0,1,0
WDC,2018-03-30,1,1,1,1,1,0,0,1,0
WDC,2018-06-29,1,1,1,1,1,0,0,1,1
WDC,2018-09-28,1,1,0,1,1,0,1,1,0
WDC,2018-12-28,1,1,1,1,1,0,1,0,0
WDC,2019-03-29,1,1,1,1,1,0,1,0,0
WDC,2019-06-28,0,1,0,1,1,0,1,0,0
WDC,2019-10-04,0,1,0,1,1,0,0,0,0
WDC,2020-01-03,0,1,0,1,1,0,0,0,0
WDC,2020-04-03,0,1,0,1,1,0,0,0,0
XEL,2011-06-30,1,1,1,1,0,0,0,1,1
XEL,2011-09-30,1,1,1,1,1,0,0,1,1
XEL,2011-12-31,1,1,0,1,1,0,0,1,0
XEL,2012-03-31,1,1,0,1,1,0,0,1,0
XEL,2012-06-30,1,1,0,1,1,0,0,1,0
XEL,2012-09-30,1,1,0,1,1,0,0,0,0
XEL,2012-12-31,1,1,0,1,0,1,0,0,0
XEL,2013-03-31,1,1,1,1,0,1,0,0,0
XEL,2013-06-30,1,1,1,1,0,1,0,0,0
XEL,2013-09-30,1,1,0,1,0,1,0,0,0
XEL,2013-12-31,1,1,0,1,0,0,0,0,1
XEL,2014-03-31,1,1,0,1,1,0,0,0,1
XEL,2014-06-30,1,1,0,1,0,0,0,0,0
XEL,2014-09-30,1,1,0,1,1,0,0,0,1
XEL,2014-12-31,1,1,0,1,1,0,0,0,0
XEL,2015-03-31,1,1,0,1,1,0,0,0,0
XEL,2015-06-30,1,1,0,1,1,0,0,0,0
XEL,2015-09-30,1,1,0,1,0,1,0,0,0
XEL,2015-12-31,1,1,0,1,0,0,0,0,0
XEL,2016-03-31,1,1,1,1,0,1,0,0,0
XEL,2016-06-30,1,1,1,1,0,0,0,0,0
XEL,2016-09-30,1,1,1,1,1,0,0,0,0
XEL,2016-12-31,1,1,1,1,0,1,0,0,0
XEL,2017-03-31,1,1,0,1,1,0,1,0,0
XEL,2017-06-30,1,1,1,1,0,0,1,0,0
XEL,2017-09-30,1,1,1,1,0,0,1,0,0
XEL,2017-12-31,1,1,0,1,1,0,0,0,0
XEL,2018-03-31,1,1,1,1,0,0,0,0,0
XEL,2018-06-30,1,1,1,1,0,0,0,0,0
XEL,2018-09-30,1,1,0,1,0,0,0,0,0
XEL,2018-12-31,1,1,1,1,0,0,0,0,0
XEL,2019-03-31,1,1,1,1,0,0,0,0,0
XEL,2019-06-30,1,1,0,1,1,0,0,0,0
XEL,2019-09-30,1,1,0,1,1,0,0,1,0
XLNX,2014-03-29,1,1,1,1,0,0,0,1,1
XLNX,2015-03-28,1,1,0,1,1,1,1,1,0
XLNX,2015-06-27,1,1,0,1,0,1,1,1,0
XLNX,2015-09-26,1,1,0,1,0,1,1,1,0
XLNX,2016-01-02,1,1,0,1,0,1,1,1,0
XLNX,2016-04-02,1,1,0,1,0,1,1,0,0
XLNX,2016-07-02,1,1,0,1,0,0,1,0,0
XLNX,2016-10-01,1,1,1,1,0,0,1,0,1
XLNX,2016-12-31,1,1,1,1,0,0,1,0,1
XLNX,2017-04-01,1,1,1,1,0,1,1,1,1
XLNX,2017-07-01,1,1,1,1,0,1,1,0,1
XLNX,2017-09-30,1,1,1,1,0,1,1,0,1
XLNX,2017-12-30,1,1,0,1,0,1,1,1,1
XLNX,2018-03-31,1,1,0,1,0,1,1,1,1
XLNX,2018-06-30,1,1,0,1,1,0,0,1,1
XLNX,2018-09-29,1,1,0,1,1,0,0,1,1
XLNX,2018-12-29,1,1,1,1,1,0,0,0,1
XLNX,2019-03-30,1,1,1,1,1,1,0,0,1
XLNX,2019-06-29,1,1,1,1,0,1,0,0,1
XLNX,2019-09-28,1,1,1,1,0,1,0,0,1
XLNX,2019-12-28,1,1,1,1,0,1,1,0,1
